GEO.id,Id
GEO.id2,Id2
GEO.display-label,Geography
POPGROUP.id,Id
POPGROUP.display-label,Population Group
EST_VC03,Estimate; TOTAL NUMBER OF RACES REPORTED - Total population
MOE_VC03,Margin of Error; TOTAL NUMBER OF RACES REPORTED - Total population
EST_VC04,Estimate; TOTAL NUMBER OF RACES REPORTED - One race
MOE_VC04,Margin of Error; TOTAL NUMBER OF RACES REPORTED - One race
EST_VC05,Estimate; TOTAL NUMBER OF RACES REPORTED - Two races
MOE_VC05,Margin of Error; TOTAL NUMBER OF RACES REPORTED - Two races
EST_VC06,Estimate; TOTAL NUMBER OF RACES REPORTED - Three races
MOE_VC06,Margin of Error; TOTAL NUMBER OF RACES REPORTED - Three races
EST_VC07,Estimate; TOTAL NUMBER OF RACES REPORTED - Four or more races
MOE_VC07,Margin of Error; TOTAL NUMBER OF RACES REPORTED - Four or more races
EST_VC11,Estimate; SEX AND AGE - Total population
MOE_VC11,Margin of Error; SEX AND AGE - Total population
EST_VC12,Estimate; SEX AND AGE - Male
MOE_VC12,Margin of Error; SEX AND AGE - Male
EST_VC13,Estimate; SEX AND AGE - Female
MOE_VC13,Margin of Error; SEX AND AGE - Female
EST_VC15,Estimate; SEX AND AGE - Under 5 years
MOE_VC15,Margin of Error; SEX AND AGE - Under 5 years
EST_VC16,Estimate; SEX AND AGE - 5 to 17 years
MOE_VC16,Margin of Error; SEX AND AGE - 5 to 17 years
EST_VC17,Estimate; SEX AND AGE - 18 to 24 years
MOE_VC17,Margin of Error; SEX AND AGE - 18 to 24 years
EST_VC18,Estimate; SEX AND AGE - 25 to 34 years
MOE_VC18,Margin of Error; SEX AND AGE - 25 to 34 years
EST_VC19,Estimate; SEX AND AGE - 35 to 44 years
MOE_VC19,Margin of Error; SEX AND AGE - 35 to 44 years
EST_VC20,Estimate; SEX AND AGE - 45 to 54 years
MOE_VC20,Margin of Error; SEX AND AGE - 45 to 54 years
EST_VC21,Estimate; SEX AND AGE - 55 to 64 years
MOE_VC21,Margin of Error; SEX AND AGE - 55 to 64 years
EST_VC22,Estimate; SEX AND AGE - 65 to 74 years
MOE_VC22,Margin of Error; SEX AND AGE - 65 to 74 years
EST_VC23,Estimate; SEX AND AGE - 75 years and over
MOE_VC23,Margin of Error; SEX AND AGE - 75 years and over
EST_VC25,Estimate; SEX AND AGE - Median age (years)
MOE_VC25,Margin of Error; SEX AND AGE - Median age (years)
EST_VC27,Estimate; SEX AND AGE - 18 years and over
MOE_VC27,Margin of Error; SEX AND AGE - 18 years and over
EST_VC28,Estimate; SEX AND AGE - 21 years and over
MOE_VC28,Margin of Error; SEX AND AGE - 21 years and over
EST_VC29,Estimate; SEX AND AGE - 62 years and over
MOE_VC29,Margin of Error; SEX AND AGE - 62 years and over
EST_VC30,Estimate; SEX AND AGE - 65 years and over
MOE_VC30,Margin of Error; SEX AND AGE - 65 years and over
EST_VC32,Estimate; SEX AND AGE - Under 18 years
MOE_VC32,Margin of Error; SEX AND AGE - Under 18 years
EST_VC33,Estimate; SEX AND AGE - Male
MOE_VC33,Margin of Error; SEX AND AGE - Male
EST_VC34,Estimate; SEX AND AGE - Female
MOE_VC34,Margin of Error; SEX AND AGE - Female
EST_VC36,Estimate; SEX AND AGE - 18 years and over
MOE_VC36,Margin of Error; SEX AND AGE - 18 years and over
EST_VC37,Estimate; SEX AND AGE - Male
MOE_VC37,Margin of Error; SEX AND AGE - Male
EST_VC38,Estimate; SEX AND AGE - Female
MOE_VC38,Margin of Error; SEX AND AGE - Female
EST_VC40,Estimate; SEX AND AGE - 18 to 34 years
MOE_VC40,Margin of Error; SEX AND AGE - 18 to 34 years
EST_VC41,Estimate; SEX AND AGE - Male
MOE_VC41,Margin of Error; SEX AND AGE - Male
EST_VC42,Estimate; SEX AND AGE - Female
MOE_VC42,Margin of Error; SEX AND AGE - Female
EST_VC44,Estimate; SEX AND AGE - 35 to 64 years
MOE_VC44,Margin of Error; SEX AND AGE - 35 to 64 years
EST_VC45,Estimate; SEX AND AGE - Male
MOE_VC45,Margin of Error; SEX AND AGE - Male
EST_VC46,Estimate; SEX AND AGE - Female
MOE_VC46,Margin of Error; SEX AND AGE - Female
EST_VC48,Estimate; SEX AND AGE - 65 years and over
MOE_VC48,Margin of Error; SEX AND AGE - 65 years and over
EST_VC49,Estimate; SEX AND AGE - Male
MOE_VC49,Margin of Error; SEX AND AGE - Male
EST_VC50,Estimate; SEX AND AGE - Female
MOE_VC50,Margin of Error; SEX AND AGE - Female
EST_VC54,Estimate; RELATIONSHIP - Population in households
MOE_VC54,Margin of Error; RELATIONSHIP - Population in households
EST_VC55,Estimate; RELATIONSHIP - Householder or spouse
MOE_VC55,Margin of Error; RELATIONSHIP - Householder or spouse
EST_VC56,Estimate; RELATIONSHIP - Child
MOE_VC56,Margin of Error; RELATIONSHIP - Child
EST_VC57,Estimate; RELATIONSHIP - Other relatives
MOE_VC57,Margin of Error; RELATIONSHIP - Other relatives
EST_VC58,Estimate; RELATIONSHIP - Nonrelatives
MOE_VC58,Margin of Error; RELATIONSHIP - Nonrelatives
EST_VC59,Estimate; RELATIONSHIP - Nonrelatives - Unmarried partner
MOE_VC59,Margin of Error; RELATIONSHIP - Nonrelatives - Unmarried partner
EST_VC63,Estimate; HOUSEHOLDS BY TYPE - Households
MOE_VC63,Margin of Error; HOUSEHOLDS BY TYPE - Households
EST_VC64,Estimate; HOUSEHOLDS BY TYPE - Family households
MOE_VC64,Margin of Error; HOUSEHOLDS BY TYPE - Family households
EST_VC66,Estimate; HOUSEHOLDS BY TYPE - Family households - With own children under 18 years
MOE_VC66,Margin of Error; HOUSEHOLDS BY TYPE - Family households - With own children under 18 years
EST_VC67,Estimate; HOUSEHOLDS BY TYPE - Family households - Married-couple family
MOE_VC67,Margin of Error; HOUSEHOLDS BY TYPE - Family households - Married-couple family
EST_VC68,Estimate; HOUSEHOLDS BY TYPE - Family households - Married-couple family - With own children under 18 years
MOE_VC68,Margin of Error; HOUSEHOLDS BY TYPE - Family households - Married-couple family - With own children under 18 years
EST_VC69,"Estimate; HOUSEHOLDS BY TYPE - Family households - Female householder, no husband present, family"
MOE_VC69,"Margin of Error; HOUSEHOLDS BY TYPE - Family households - Female householder, no husband present, family"
EST_VC70,"Estimate; HOUSEHOLDS BY TYPE - Family households - Female householder, no husband present, family - With own children under 18 years"
MOE_VC70,"Margin of Error; HOUSEHOLDS BY TYPE - Family households - Female householder, no husband present, family - With own children under 18 years"
EST_VC71,Estimate; HOUSEHOLDS BY TYPE - Nonfamily households
MOE_VC71,Margin of Error; HOUSEHOLDS BY TYPE - Nonfamily households
EST_VC72,Estimate; HOUSEHOLDS BY TYPE - Nonfamily households - Male householder
MOE_VC72,Margin of Error; HOUSEHOLDS BY TYPE - Nonfamily households - Male householder
EST_VC73,Estimate; HOUSEHOLDS BY TYPE - Nonfamily households - Male householder - Living alone
MOE_VC73,Margin of Error; HOUSEHOLDS BY TYPE - Nonfamily households - Male householder - Living alone
EST_VC74,Estimate; HOUSEHOLDS BY TYPE - Nonfamily households - Male householder - Not living alone
MOE_VC74,Margin of Error; HOUSEHOLDS BY TYPE - Nonfamily households - Male householder - Not living alone
EST_VC75,Estimate; HOUSEHOLDS BY TYPE - Nonfamily households - Female householder
MOE_VC75,Margin of Error; HOUSEHOLDS BY TYPE - Nonfamily households - Female householder
EST_VC76,Estimate; HOUSEHOLDS BY TYPE - Nonfamily households - Female householder - Living alone
MOE_VC76,Margin of Error; HOUSEHOLDS BY TYPE - Nonfamily households - Female householder - Living alone
EST_VC77,Estimate; HOUSEHOLDS BY TYPE - Nonfamily households - Female householder - Not living alone
MOE_VC77,Margin of Error; HOUSEHOLDS BY TYPE - Nonfamily households - Female householder - Not living alone
EST_VC79,Estimate; HOUSEHOLDS BY TYPE - Average household size
MOE_VC79,Margin of Error; HOUSEHOLDS BY TYPE - Average household size
EST_VC80,Estimate; HOUSEHOLDS BY TYPE - Average family size
MOE_VC80,Margin of Error; HOUSEHOLDS BY TYPE - Average family size
EST_VC84,Estimate; MARITAL STATUS - Population 15 years and over
MOE_VC84,Margin of Error; MARITAL STATUS - Population 15 years and over
EST_VC85,"Estimate; MARITAL STATUS - Now married, except separated"
MOE_VC85,"Margin of Error; MARITAL STATUS - Now married, except separated"
EST_VC86,Estimate; MARITAL STATUS - Widowed
MOE_VC86,Margin of Error; MARITAL STATUS - Widowed
EST_VC87,Estimate; MARITAL STATUS - Divorced
MOE_VC87,Margin of Error; MARITAL STATUS - Divorced
EST_VC88,Estimate; MARITAL STATUS - Separated
MOE_VC88,Margin of Error; MARITAL STATUS - Separated
EST_VC89,Estimate; MARITAL STATUS - Never married
MOE_VC89,Margin of Error; MARITAL STATUS - Never married
EST_VC91,Estimate; MARITAL STATUS - Male 15 years and over
MOE_VC91,Margin of Error; MARITAL STATUS - Male 15 years and over
EST_VC92,"Estimate; MARITAL STATUS - Now married, except separated"
MOE_VC92,"Margin of Error; MARITAL STATUS - Now married, except separated"
EST_VC93,Estimate; MARITAL STATUS - Widowed
MOE_VC93,Margin of Error; MARITAL STATUS - Widowed
EST_VC94,Estimate; MARITAL STATUS - Divorced
MOE_VC94,Margin of Error; MARITAL STATUS - Divorced
EST_VC95,Estimate; MARITAL STATUS - Separated
MOE_VC95,Margin of Error; MARITAL STATUS - Separated
EST_VC96,Estimate; MARITAL STATUS - Never married
MOE_VC96,Margin of Error; MARITAL STATUS - Never married
EST_VC98,Estimate; MARITAL STATUS - Female 15 years and over
MOE_VC98,Margin of Error; MARITAL STATUS - Female 15 years and over
EST_VC99,"Estimate; MARITAL STATUS - Now married, except separated"
MOE_VC99,"Margin of Error; MARITAL STATUS - Now married, except separated"
EST_VC100,Estimate; MARITAL STATUS - Widowed
MOE_VC100,Margin of Error; MARITAL STATUS - Widowed
EST_VC101,Estimate; MARITAL STATUS - Divorced
MOE_VC101,Margin of Error; MARITAL STATUS - Divorced
EST_VC102,Estimate; MARITAL STATUS - Separated
MOE_VC102,Margin of Error; MARITAL STATUS - Separated
EST_VC103,Estimate; MARITAL STATUS - Never married
MOE_VC103,Margin of Error; MARITAL STATUS - Never married
EST_VC107,Estimate; SCHOOL ENROLLMENT - Population 3 years and over enrolled in school
MOE_VC107,Margin of Error; SCHOOL ENROLLMENT - Population 3 years and over enrolled in school
EST_VC108,"Estimate; SCHOOL ENROLLMENT - Nursery school, preschool"
MOE_VC108,"Margin of Error; SCHOOL ENROLLMENT - Nursery school, preschool"
EST_VC109,Estimate; SCHOOL ENROLLMENT - Kindergarten
MOE_VC109,Margin of Error; SCHOOL ENROLLMENT - Kindergarten
EST_VC110,Estimate; SCHOOL ENROLLMENT - Elementary school (grades 1-8)
MOE_VC110,Margin of Error; SCHOOL ENROLLMENT - Elementary school (grades 1-8)
EST_VC111,Estimate; SCHOOL ENROLLMENT - High school (grades 9-12)
MOE_VC111,Margin of Error; SCHOOL ENROLLMENT - High school (grades 9-12)
EST_VC112,Estimate; SCHOOL ENROLLMENT - College or graduate school
MOE_VC112,Margin of Error; SCHOOL ENROLLMENT - College or graduate school
EST_VC114,Estimate; SCHOOL ENROLLMENT - Male 3 years and over enrolled in school
MOE_VC114,Margin of Error; SCHOOL ENROLLMENT - Male 3 years and over enrolled in school
EST_VC115,Estimate; SCHOOL ENROLLMENT - Percent enrolled in kindergarten to grade 12
MOE_VC115,Margin of Error; SCHOOL ENROLLMENT - Percent enrolled in kindergarten to grade 12
EST_VC116,Estimate; SCHOOL ENROLLMENT - Percent enrolled in college or graduate school
MOE_VC116,Margin of Error; SCHOOL ENROLLMENT - Percent enrolled in college or graduate school
EST_VC117,Estimate; SCHOOL ENROLLMENT - Percent enrolled in college or graduate school - Female 3 years and over enrolled in school
MOE_VC117,Margin of Error; SCHOOL ENROLLMENT - Percent enrolled in college or graduate school - Female 3 years and over enrolled in school
EST_VC118,Estimate; SCHOOL ENROLLMENT - Percent enrolled in kindergarten to grade 12
MOE_VC118,Margin of Error; SCHOOL ENROLLMENT - Percent enrolled in kindergarten to grade 12
EST_VC119,Estimate; SCHOOL ENROLLMENT - Percent enrolled in college or graduate school
MOE_VC119,Margin of Error; SCHOOL ENROLLMENT - Percent enrolled in college or graduate school
EST_VC123,Estimate; EDUCATIONAL ATTAINMENT - Population 25 years and over
MOE_VC123,Margin of Error; EDUCATIONAL ATTAINMENT - Population 25 years and over
EST_VC124,Estimate; EDUCATIONAL ATTAINMENT - Less than high school diploma
MOE_VC124,Margin of Error; EDUCATIONAL ATTAINMENT - Less than high school diploma
EST_VC125,Estimate; EDUCATIONAL ATTAINMENT - High school graduate (includes equivalency)
MOE_VC125,Margin of Error; EDUCATIONAL ATTAINMENT - High school graduate (includes equivalency)
EST_VC126,Estimate; EDUCATIONAL ATTAINMENT - Some college or associate's degree
MOE_VC126,Margin of Error; EDUCATIONAL ATTAINMENT - Some college or associate's degree
EST_VC127,Estimate; EDUCATIONAL ATTAINMENT - Bachelor's degree
MOE_VC127,Margin of Error; EDUCATIONAL ATTAINMENT - Bachelor's degree
EST_VC128,Estimate; EDUCATIONAL ATTAINMENT - Graduate or professional degree
MOE_VC128,Margin of Error; EDUCATIONAL ATTAINMENT - Graduate or professional degree
EST_VC130,Estimate; EDUCATIONAL ATTAINMENT - High school graduate or higher
MOE_VC130,Margin of Error; EDUCATIONAL ATTAINMENT - High school graduate or higher
EST_VC131,"Estimate; EDUCATIONAL ATTAINMENT - Male, high school graduate or higher"
MOE_VC131,"Margin of Error; EDUCATIONAL ATTAINMENT - Male, high school graduate or higher"
EST_VC132,"Estimate; EDUCATIONAL ATTAINMENT - Female, high school graduate or higher"
MOE_VC132,"Margin of Error; EDUCATIONAL ATTAINMENT - Female, high school graduate or higher"
EST_VC133,Estimate; EDUCATIONAL ATTAINMENT - Bachelor's degree or higher
MOE_VC133,Margin of Error; EDUCATIONAL ATTAINMENT - Bachelor's degree or higher
EST_VC134,"Estimate; EDUCATIONAL ATTAINMENT - Male, bachelor's degree or higher"
MOE_VC134,"Margin of Error; EDUCATIONAL ATTAINMENT - Male, bachelor's degree or higher"
EST_VC135,"Estimate; EDUCATIONAL ATTAINMENT - Female, bachelor's degree or higher"
MOE_VC135,"Margin of Error; EDUCATIONAL ATTAINMENT - Female, bachelor's degree or higher"
EST_VC139,Estimate; FERTILITY - Women 15 to 50 years
MOE_VC139,Margin of Error; FERTILITY - Women 15 to 50 years
EST_VC140,Estimate; FERTILITY - Women 15 to 50 years who had a birth in the past 12 months
MOE_VC140,Margin of Error; FERTILITY - Women 15 to 50 years who had a birth in the past 12 months
EST_VC141,Estimate; FERTILITY - Women 15 to 50 years who had a birth in the past 12 months - Unmarried women 15 to 50 years who had a birth in the past 12 months
MOE_VC141,Margin of Error; FERTILITY - Women 15 to 50 years who had a birth in the past 12 months - Unmarried women 15 to 50 years who had a birth in the past 12 months
EST_VC142,Estimate; FERTILITY - Women 15 to 50 years who had a birth in the past 12 months - Unmarried women 15 to 50 years who had a birth in the past 12 months - As a percent of all women with a birth in the past 12 months
MOE_VC142,Margin of Error; FERTILITY - Women 15 to 50 years who had a birth in the past 12 months - Unmarried women 15 to 50 years who had a birth in the past 12 months - As a percent of all women with a birth in the past 12 months
EST_VC146,Estimate; RESPONSIBILITY FOR GRANDCHILDREN UNDER 18 YEARS - Population 30 years and over
MOE_VC146,Margin of Error; RESPONSIBILITY FOR GRANDCHILDREN UNDER 18 YEARS - Population 30 years and over
EST_VC147,Estimate; RESPONSIBILITY FOR GRANDCHILDREN UNDER 18 YEARS - Living with grandchild(ren)
MOE_VC147,Margin of Error; RESPONSIBILITY FOR GRANDCHILDREN UNDER 18 YEARS - Living with grandchild(ren)
EST_VC148,Estimate; RESPONSIBILITY FOR GRANDCHILDREN UNDER 18 YEARS - Living with grandchild(ren) - Responsible for grandchild(ren)
MOE_VC148,Margin of Error; RESPONSIBILITY FOR GRANDCHILDREN UNDER 18 YEARS - Living with grandchild(ren) - Responsible for grandchild(ren)
EST_VC152,Estimate; VETERAN STATUS - Civilian population 18 years and over
MOE_VC152,Margin of Error; VETERAN STATUS - Civilian population 18 years and over
EST_VC153,Estimate; VETERAN STATUS - Civilian veteran
MOE_VC153,Margin of Error; VETERAN STATUS - Civilian veteran
EST_VC157,Estimate; DISABILITY STATUS - Total civilian noninstitutionalized population
MOE_VC157,Margin of Error; DISABILITY STATUS - Total civilian noninstitutionalized population
EST_VC158,Estimate; DISABILITY STATUS - With a disability
MOE_VC158,Margin of Error; DISABILITY STATUS - With a disability
EST_VC160,Estimate; DISABILITY STATUS - Civilian noninstitutionalized population under 18 years
MOE_VC160,Margin of Error; DISABILITY STATUS - Civilian noninstitutionalized population under 18 years
EST_VC161,Estimate; DISABILITY STATUS - With a disability
MOE_VC161,Margin of Error; DISABILITY STATUS - With a disability
EST_VC163,Estimate; DISABILITY STATUS - Civilian noninstitutionalized population 18 to 64 years
MOE_VC163,Margin of Error; DISABILITY STATUS - Civilian noninstitutionalized population 18 to 64 years
EST_VC164,Estimate; DISABILITY STATUS - With a disability
MOE_VC164,Margin of Error; DISABILITY STATUS - With a disability
EST_VC166,Estimate; DISABILITY STATUS - Civilian noninstitutionalized population 65 years and older
MOE_VC166,Margin of Error; DISABILITY STATUS - Civilian noninstitutionalized population 65 years and older
EST_VC167,Estimate; DISABILITY STATUS - With a disability
MOE_VC167,Margin of Error; DISABILITY STATUS - With a disability
EST_VC171,Estimate; RESIDENCE 1 YEAR AGO - Population 1 year and over
MOE_VC171,Margin of Error; RESIDENCE 1 YEAR AGO - Population 1 year and over
EST_VC172,Estimate; RESIDENCE 1 YEAR AGO - Same house
MOE_VC172,Margin of Error; RESIDENCE 1 YEAR AGO - Same house
EST_VC173,Estimate; RESIDENCE 1 YEAR AGO - Different house in the U.S.
MOE_VC173,Margin of Error; RESIDENCE 1 YEAR AGO - Different house in the U.S.
EST_VC174,Estimate; RESIDENCE 1 YEAR AGO - Different house in the U.S. - Same county
MOE_VC174,Margin of Error; RESIDENCE 1 YEAR AGO - Different house in the U.S. - Same county
EST_VC175,Estimate; RESIDENCE 1 YEAR AGO - Different house in the U.S. - Different county
MOE_VC175,Margin of Error; RESIDENCE 1 YEAR AGO - Different house in the U.S. - Different county
EST_VC176,Estimate; RESIDENCE 1 YEAR AGO - Different house in the U.S. - Different county - Same state
MOE_VC176,Margin of Error; RESIDENCE 1 YEAR AGO - Different house in the U.S. - Different county - Same state
EST_VC177,Estimate; RESIDENCE 1 YEAR AGO - Different house in the U.S. - Different county - Different state
MOE_VC177,Margin of Error; RESIDENCE 1 YEAR AGO - Different house in the U.S. - Different county - Different state
EST_VC178,Estimate; RESIDENCE 1 YEAR AGO - Abroad
MOE_VC178,Margin of Error; RESIDENCE 1 YEAR AGO - Abroad
EST_VC182,"Estimate; PLACE OF BIRTH, CITIZENSHIP STATUS AND YEAR OF ENTRY - Native"
MOE_VC182,"Margin of Error; PLACE OF BIRTH, CITIZENSHIP STATUS AND YEAR OF ENTRY - Native"
EST_VC183,"Estimate; PLACE OF BIRTH, CITIZENSHIP STATUS AND YEAR OF ENTRY - Male"
MOE_VC183,"Margin of Error; PLACE OF BIRTH, CITIZENSHIP STATUS AND YEAR OF ENTRY - Male"
EST_VC184,"Estimate; PLACE OF BIRTH, CITIZENSHIP STATUS AND YEAR OF ENTRY - Female"
MOE_VC184,"Margin of Error; PLACE OF BIRTH, CITIZENSHIP STATUS AND YEAR OF ENTRY - Female"
EST_VC186,"Estimate; PLACE OF BIRTH, CITIZENSHIP STATUS AND YEAR OF ENTRY - Foreign born"
MOE_VC186,"Margin of Error; PLACE OF BIRTH, CITIZENSHIP STATUS AND YEAR OF ENTRY - Foreign born"
EST_VC187,"Estimate; PLACE OF BIRTH, CITIZENSHIP STATUS AND YEAR OF ENTRY - Male"
MOE_VC187,"Margin of Error; PLACE OF BIRTH, CITIZENSHIP STATUS AND YEAR OF ENTRY - Male"
EST_VC188,"Estimate; PLACE OF BIRTH, CITIZENSHIP STATUS AND YEAR OF ENTRY - Female"
MOE_VC188,"Margin of Error; PLACE OF BIRTH, CITIZENSHIP STATUS AND YEAR OF ENTRY - Female"
EST_VC190,"Estimate; PLACE OF BIRTH, CITIZENSHIP STATUS AND YEAR OF ENTRY - Foreign born; naturalized U.S. citizen"
MOE_VC190,"Margin of Error; PLACE OF BIRTH, CITIZENSHIP STATUS AND YEAR OF ENTRY - Foreign born; naturalized U.S. citizen"
EST_VC191,"Estimate; PLACE OF BIRTH, CITIZENSHIP STATUS AND YEAR OF ENTRY - Male"
MOE_VC191,"Margin of Error; PLACE OF BIRTH, CITIZENSHIP STATUS AND YEAR OF ENTRY - Male"
EST_VC192,"Estimate; PLACE OF BIRTH, CITIZENSHIP STATUS AND YEAR OF ENTRY - Female"
MOE_VC192,"Margin of Error; PLACE OF BIRTH, CITIZENSHIP STATUS AND YEAR OF ENTRY - Female"
EST_VC194,"Estimate; PLACE OF BIRTH, CITIZENSHIP STATUS AND YEAR OF ENTRY - Foreign born; not a U.S. citizen"
MOE_VC194,"Margin of Error; PLACE OF BIRTH, CITIZENSHIP STATUS AND YEAR OF ENTRY - Foreign born; not a U.S. citizen"
EST_VC195,"Estimate; PLACE OF BIRTH, CITIZENSHIP STATUS AND YEAR OF ENTRY - Male"
MOE_VC195,"Margin of Error; PLACE OF BIRTH, CITIZENSHIP STATUS AND YEAR OF ENTRY - Male"
EST_VC196,"Estimate; PLACE OF BIRTH, CITIZENSHIP STATUS AND YEAR OF ENTRY - Female"
MOE_VC196,"Margin of Error; PLACE OF BIRTH, CITIZENSHIP STATUS AND YEAR OF ENTRY - Female"
EST_VC198,"Estimate; PLACE OF BIRTH, CITIZENSHIP STATUS AND YEAR OF ENTRY - Population born outside the United States"
MOE_VC198,"Margin of Error; PLACE OF BIRTH, CITIZENSHIP STATUS AND YEAR OF ENTRY - Population born outside the United States"
EST_VC199,"Estimate; PLACE OF BIRTH, CITIZENSHIP STATUS AND YEAR OF ENTRY - Entered 2010 or later"
MOE_VC199,"Margin of Error; PLACE OF BIRTH, CITIZENSHIP STATUS AND YEAR OF ENTRY - Entered 2010 or later"
EST_VC200,"Estimate; PLACE OF BIRTH, CITIZENSHIP STATUS AND YEAR OF ENTRY - Entered 2000 to 2009"
MOE_VC200,"Margin of Error; PLACE OF BIRTH, CITIZENSHIP STATUS AND YEAR OF ENTRY - Entered 2000 to 2009"
EST_VC201,"Estimate; PLACE OF BIRTH, CITIZENSHIP STATUS AND YEAR OF ENTRY - Entered before 2000"
MOE_VC201,"Margin of Error; PLACE OF BIRTH, CITIZENSHIP STATUS AND YEAR OF ENTRY - Entered before 2000"
EST_VC205,Estimate; WORLD REGION OF BIRTH OF FOREIGN BORN - Foreign-born population excluding population born at sea
MOE_VC205,Margin of Error; WORLD REGION OF BIRTH OF FOREIGN BORN - Foreign-born population excluding population born at sea
EST_VC206,Estimate; WORLD REGION OF BIRTH OF FOREIGN BORN - Europe
MOE_VC206,Margin of Error; WORLD REGION OF BIRTH OF FOREIGN BORN - Europe
EST_VC207,Estimate; WORLD REGION OF BIRTH OF FOREIGN BORN - Asia
MOE_VC207,Margin of Error; WORLD REGION OF BIRTH OF FOREIGN BORN - Asia
EST_VC208,Estimate; WORLD REGION OF BIRTH OF FOREIGN BORN - Africa
MOE_VC208,Margin of Error; WORLD REGION OF BIRTH OF FOREIGN BORN - Africa
EST_VC209,Estimate; WORLD REGION OF BIRTH OF FOREIGN BORN - Oceania
MOE_VC209,Margin of Error; WORLD REGION OF BIRTH OF FOREIGN BORN - Oceania
EST_VC210,Estimate; WORLD REGION OF BIRTH OF FOREIGN BORN - Latin America
MOE_VC210,Margin of Error; WORLD REGION OF BIRTH OF FOREIGN BORN - Latin America
EST_VC211,Estimate; WORLD REGION OF BIRTH OF FOREIGN BORN - Northern America
MOE_VC211,Margin of Error; WORLD REGION OF BIRTH OF FOREIGN BORN - Northern America
EST_VC215,Estimate; LANGUAGE SPOKEN AT HOME AND ABILITY TO SPEAK ENGLISH - Population 5 years and over
MOE_VC215,Margin of Error; LANGUAGE SPOKEN AT HOME AND ABILITY TO SPEAK ENGLISH - Population 5 years and over
EST_VC216,Estimate; LANGUAGE SPOKEN AT HOME AND ABILITY TO SPEAK ENGLISH - English only
MOE_VC216,Margin of Error; LANGUAGE SPOKEN AT HOME AND ABILITY TO SPEAK ENGLISH - English only
EST_VC217,Estimate; LANGUAGE SPOKEN AT HOME AND ABILITY TO SPEAK ENGLISH - Language other than English
MOE_VC217,Margin of Error; LANGUAGE SPOKEN AT HOME AND ABILITY TO SPEAK ENGLISH - Language other than English
EST_VC218,"Estimate; LANGUAGE SPOKEN AT HOME AND ABILITY TO SPEAK ENGLISH - Language other than English - Speak English less than ""very well"""
MOE_VC218,"Margin of Error; LANGUAGE SPOKEN AT HOME AND ABILITY TO SPEAK ENGLISH - Language other than English - Speak English less than ""very well"""
EST_VC222,Estimate; EMPLOYMENT STATUS - Population 16 years and over
MOE_VC222,Margin of Error; EMPLOYMENT STATUS - Population 16 years and over
EST_VC223,Estimate; EMPLOYMENT STATUS - In labor force
MOE_VC223,Margin of Error; EMPLOYMENT STATUS - In labor force
EST_VC224,Estimate; EMPLOYMENT STATUS - In labor force - Civilian labor force
MOE_VC224,Margin of Error; EMPLOYMENT STATUS - In labor force - Civilian labor force
EST_VC225,Estimate; EMPLOYMENT STATUS - In labor force - Civilian labor force - Employed
MOE_VC225,Margin of Error; EMPLOYMENT STATUS - In labor force - Civilian labor force - Employed
EST_VC226,Estimate; EMPLOYMENT STATUS - In labor force - Civilian labor force - Unemployed
MOE_VC226,Margin of Error; EMPLOYMENT STATUS - In labor force - Civilian labor force - Unemployed
EST_VC227,Estimate; EMPLOYMENT STATUS - In labor force - Civilian labor force - Unemployed - Percent of civilian labor force
MOE_VC227,Margin of Error; EMPLOYMENT STATUS - In labor force - Civilian labor force - Unemployed - Percent of civilian labor force
EST_VC228,Estimate; EMPLOYMENT STATUS - In labor force - Armed Forces
MOE_VC228,Margin of Error; EMPLOYMENT STATUS - In labor force - Armed Forces
EST_VC229,Estimate; EMPLOYMENT STATUS - Not in labor force
MOE_VC229,Margin of Error; EMPLOYMENT STATUS - Not in labor force
EST_VC231,Estimate; EMPLOYMENT STATUS - Females 16 years and over
MOE_VC231,Margin of Error; EMPLOYMENT STATUS - Females 16 years and over
EST_VC232,Estimate; EMPLOYMENT STATUS - In labor force
MOE_VC232,Margin of Error; EMPLOYMENT STATUS - In labor force
EST_VC233,Estimate; EMPLOYMENT STATUS - In labor force - Civilian labor force
MOE_VC233,Margin of Error; EMPLOYMENT STATUS - In labor force - Civilian labor force
EST_VC234,Estimate; EMPLOYMENT STATUS - In labor force - Civilian labor force - Employed
MOE_VC234,Margin of Error; EMPLOYMENT STATUS - In labor force - Civilian labor force - Employed
EST_VC235,Estimate; EMPLOYMENT STATUS - In labor force - Civilian labor force - Unemployed
MOE_VC235,Margin of Error; EMPLOYMENT STATUS - In labor force - Civilian labor force - Unemployed
EST_VC236,Estimate; EMPLOYMENT STATUS - In labor force - Civilian labor force - Unemployed - Percent of civilian labor force
MOE_VC236,Margin of Error; EMPLOYMENT STATUS - In labor force - Civilian labor force - Unemployed - Percent of civilian labor force
EST_VC240,Estimate; COMMUTING TO WORK - Workers 16 years and over
MOE_VC240,Margin of Error; COMMUTING TO WORK - Workers 16 years and over
EST_VC241,"Estimate; COMMUTING TO WORK - Car, truck, or van - drove alone"
MOE_VC241,"Margin of Error; COMMUTING TO WORK - Car, truck, or van - drove alone"
EST_VC242,"Estimate; COMMUTING TO WORK - Car, truck, or van - carpooled"
MOE_VC242,"Margin of Error; COMMUTING TO WORK - Car, truck, or van - carpooled"
EST_VC243,Estimate; COMMUTING TO WORK - Public transportation (excluding taxicab)
MOE_VC243,Margin of Error; COMMUTING TO WORK - Public transportation (excluding taxicab)
EST_VC244,Estimate; COMMUTING TO WORK - Walked
MOE_VC244,Margin of Error; COMMUTING TO WORK - Walked
EST_VC245,Estimate; COMMUTING TO WORK - Other means
MOE_VC245,Margin of Error; COMMUTING TO WORK - Other means
EST_VC246,Estimate; COMMUTING TO WORK - Worked at home
MOE_VC246,Margin of Error; COMMUTING TO WORK - Worked at home
EST_VC247,Estimate; COMMUTING TO WORK - Mean travel time to work (minutes)
MOE_VC247,Margin of Error; COMMUTING TO WORK - Mean travel time to work (minutes)
EST_VC251,Estimate; OCCUPATION - Civilian employed population 16 years and over
MOE_VC251,Margin of Error; OCCUPATION - Civilian employed population 16 years and over
EST_VC252,"Estimate; OCCUPATION - Management, business, science, and arts occupations"
MOE_VC252,"Margin of Error; OCCUPATION - Management, business, science, and arts occupations"
EST_VC253,Estimate; OCCUPATION - Service occupations
MOE_VC253,Margin of Error; OCCUPATION - Service occupations
EST_VC254,Estimate; OCCUPATION - Sales and office occupations
MOE_VC254,Margin of Error; OCCUPATION - Sales and office occupations
EST_VC255,"Estimate; OCCUPATION - Natural resources, construction, and maintenance occupations"
MOE_VC255,"Margin of Error; OCCUPATION - Natural resources, construction, and maintenance occupations"
EST_VC256,"Estimate; OCCUPATION - Production, transportation, and material moving occupations"
MOE_VC256,"Margin of Error; OCCUPATION - Production, transportation, and material moving occupations"
EST_VC258,Estimate; OCCUPATION - Male civilian employed population 16 years and over
MOE_VC258,Margin of Error; OCCUPATION - Male civilian employed population 16 years and over
EST_VC259,"Estimate; OCCUPATION - Management, business, science, and arts occupations"
MOE_VC259,"Margin of Error; OCCUPATION - Management, business, science, and arts occupations"
EST_VC260,Estimate; OCCUPATION - Service occupations
MOE_VC260,Margin of Error; OCCUPATION - Service occupations
EST_VC261,Estimate; OCCUPATION - Sales and office occupations
MOE_VC261,Margin of Error; OCCUPATION - Sales and office occupations
EST_VC262,"Estimate; OCCUPATION - Natural resources, construction, and maintenance occupations"
MOE_VC262,"Margin of Error; OCCUPATION - Natural resources, construction, and maintenance occupations"
EST_VC263,"Estimate; OCCUPATION - Production, transportation, and material moving occupations"
MOE_VC263,"Margin of Error; OCCUPATION - Production, transportation, and material moving occupations"
EST_VC265,Estimate; OCCUPATION - Female civilian employed population 16 years and over
MOE_VC265,Margin of Error; OCCUPATION - Female civilian employed population 16 years and over
EST_VC266,"Estimate; OCCUPATION - Management, business, science, and arts occupations"
MOE_VC266,"Margin of Error; OCCUPATION - Management, business, science, and arts occupations"
EST_VC267,Estimate; OCCUPATION - Service occupations
MOE_VC267,Margin of Error; OCCUPATION - Service occupations
EST_VC268,Estimate; OCCUPATION - Sales and office occupations
MOE_VC268,Margin of Error; OCCUPATION - Sales and office occupations
EST_VC269,"Estimate; OCCUPATION - Natural resources, construction, and maintenance occupations"
MOE_VC269,"Margin of Error; OCCUPATION - Natural resources, construction, and maintenance occupations"
EST_VC270,"Estimate; OCCUPATION - Production, transportation, and material moving occupations"
MOE_VC270,"Margin of Error; OCCUPATION - Production, transportation, and material moving occupations"
EST_VC274,Estimate; INDUSTRY - Civilian employed population 16 years and over
MOE_VC274,Margin of Error; INDUSTRY - Civilian employed population 16 years and over
EST_VC275,"Estimate; INDUSTRY - Agriculture, forestry, fishing and hunting, and mining"
MOE_VC275,"Margin of Error; INDUSTRY - Agriculture, forestry, fishing and hunting, and mining"
EST_VC276,Estimate; INDUSTRY - Construction
MOE_VC276,Margin of Error; INDUSTRY - Construction
EST_VC277,Estimate; INDUSTRY - Manufacturing
MOE_VC277,Margin of Error; INDUSTRY - Manufacturing
EST_VC278,Estimate; INDUSTRY - Wholesale trade
MOE_VC278,Margin of Error; INDUSTRY - Wholesale trade
EST_VC279,Estimate; INDUSTRY - Retail trade
MOE_VC279,Margin of Error; INDUSTRY - Retail trade
EST_VC280,"Estimate; INDUSTRY - Transportation and warehousing, and utilities"
MOE_VC280,"Margin of Error; INDUSTRY - Transportation and warehousing, and utilities"
EST_VC281,Estimate; INDUSTRY - Information
MOE_VC281,Margin of Error; INDUSTRY - Information
EST_VC282,"Estimate; INDUSTRY - Finance and insurance, and real estate and rental and leasing"
MOE_VC282,"Margin of Error; INDUSTRY - Finance and insurance, and real estate and rental and leasing"
EST_VC283,"Estimate; INDUSTRY - Professional, scientific, and management, and administrative and waste management services"
MOE_VC283,"Margin of Error; INDUSTRY - Professional, scientific, and management, and administrative and waste management services"
EST_VC284,"Estimate; INDUSTRY - Educational services, and health care and social assistance"
MOE_VC284,"Margin of Error; INDUSTRY - Educational services, and health care and social assistance"
EST_VC285,"Estimate; INDUSTRY - Arts, entertainment, and recreation, and accommodation and food services"
MOE_VC285,"Margin of Error; INDUSTRY - Arts, entertainment, and recreation, and accommodation and food services"
EST_VC286,Estimate; INDUSTRY - Other services (except public administration)
MOE_VC286,Margin of Error; INDUSTRY - Other services (except public administration)
EST_VC287,Estimate; INDUSTRY - Public administration
MOE_VC287,Margin of Error; INDUSTRY - Public administration
EST_VC291,Estimate; CLASS OF WORKER - Civilian employed population 16 years and over
MOE_VC291,Margin of Error; CLASS OF WORKER - Civilian employed population 16 years and over
EST_VC292,Estimate; CLASS OF WORKER - Private wage and salary workers
MOE_VC292,Margin of Error; CLASS OF WORKER - Private wage and salary workers
EST_VC293,Estimate; CLASS OF WORKER - Government workers
MOE_VC293,Margin of Error; CLASS OF WORKER - Government workers
EST_VC294,Estimate; CLASS OF WORKER - Self-employed workers in own not incorporated business
MOE_VC294,Margin of Error; CLASS OF WORKER - Self-employed workers in own not incorporated business
EST_VC295,Estimate; CLASS OF WORKER - Unpaid family workers
MOE_VC295,Margin of Error; CLASS OF WORKER - Unpaid family workers
EST_VC299,Estimate; INCOME IN THE PAST 12 MONTHS (IN 2012 INFLATION-ADJUSTED DOLLARS) - Households
MOE_VC299,Margin of Error; INCOME IN THE PAST 12 MONTHS (IN 2012 INFLATION-ADJUSTED DOLLARS) - Households
EST_VC300,Estimate; INCOME IN THE PAST 12 MONTHS (IN 2012 INFLATION-ADJUSTED DOLLARS) - Median household income (dollars)
MOE_VC300,Margin of Error; INCOME IN THE PAST 12 MONTHS (IN 2012 INFLATION-ADJUSTED DOLLARS) - Median household income (dollars)
EST_VC302,Estimate; INCOME IN THE PAST 12 MONTHS (IN 2012 INFLATION-ADJUSTED DOLLARS) - With earnings
MOE_VC302,Margin of Error; INCOME IN THE PAST 12 MONTHS (IN 2012 INFLATION-ADJUSTED DOLLARS) - With earnings
EST_VC303,Estimate; INCOME IN THE PAST 12 MONTHS (IN 2012 INFLATION-ADJUSTED DOLLARS) - With earnings - Mean earnings (dollars)
MOE_VC303,Margin of Error; INCOME IN THE PAST 12 MONTHS (IN 2012 INFLATION-ADJUSTED DOLLARS) - With earnings - Mean earnings (dollars)
EST_VC304,Estimate; INCOME IN THE PAST 12 MONTHS (IN 2012 INFLATION-ADJUSTED DOLLARS) - With Social Security income
MOE_VC304,Margin of Error; INCOME IN THE PAST 12 MONTHS (IN 2012 INFLATION-ADJUSTED DOLLARS) - With Social Security income
EST_VC305,Estimate; INCOME IN THE PAST 12 MONTHS (IN 2012 INFLATION-ADJUSTED DOLLARS) - With Social Security income - Mean Social Security income (dollars)
MOE_VC305,Margin of Error; INCOME IN THE PAST 12 MONTHS (IN 2012 INFLATION-ADJUSTED DOLLARS) - With Social Security income - Mean Social Security income (dollars)
EST_VC306,Estimate; INCOME IN THE PAST 12 MONTHS (IN 2012 INFLATION-ADJUSTED DOLLARS) - With Supplemental Security Income
MOE_VC306,Margin of Error; INCOME IN THE PAST 12 MONTHS (IN 2012 INFLATION-ADJUSTED DOLLARS) - With Supplemental Security Income
EST_VC307,Estimate; INCOME IN THE PAST 12 MONTHS (IN 2012 INFLATION-ADJUSTED DOLLARS) - With Supplemental Security Income - Mean Supplemental Security Income (dollars)
MOE_VC307,Margin of Error; INCOME IN THE PAST 12 MONTHS (IN 2012 INFLATION-ADJUSTED DOLLARS) - With Supplemental Security Income - Mean Supplemental Security Income (dollars)
EST_VC308,Estimate; INCOME IN THE PAST 12 MONTHS (IN 2012 INFLATION-ADJUSTED DOLLARS) - With cash public assistance income
MOE_VC308,Margin of Error; INCOME IN THE PAST 12 MONTHS (IN 2012 INFLATION-ADJUSTED DOLLARS) - With cash public assistance income
EST_VC309,Estimate; INCOME IN THE PAST 12 MONTHS (IN 2012 INFLATION-ADJUSTED DOLLARS) - With cash public assistance income - Mean cash public assistance income (dollars)
MOE_VC309,Margin of Error; INCOME IN THE PAST 12 MONTHS (IN 2012 INFLATION-ADJUSTED DOLLARS) - With cash public assistance income - Mean cash public assistance income (dollars)
EST_VC310,Estimate; INCOME IN THE PAST 12 MONTHS (IN 2012 INFLATION-ADJUSTED DOLLARS) - With retirement income
MOE_VC310,Margin of Error; INCOME IN THE PAST 12 MONTHS (IN 2012 INFLATION-ADJUSTED DOLLARS) - With retirement income
EST_VC311,Estimate; INCOME IN THE PAST 12 MONTHS (IN 2012 INFLATION-ADJUSTED DOLLARS) - With retirement income - Mean retirement income (dollars)
MOE_VC311,Margin of Error; INCOME IN THE PAST 12 MONTHS (IN 2012 INFLATION-ADJUSTED DOLLARS) - With retirement income - Mean retirement income (dollars)
EST_VC312,Estimate; INCOME IN THE PAST 12 MONTHS (IN 2012 INFLATION-ADJUSTED DOLLARS) - With Food Stamp/SNAP benefits
MOE_VC312,Margin of Error; INCOME IN THE PAST 12 MONTHS (IN 2012 INFLATION-ADJUSTED DOLLARS) - With Food Stamp/SNAP benefits
EST_VC314,Estimate; INCOME IN THE PAST 12 MONTHS (IN 2012 INFLATION-ADJUSTED DOLLARS) - Families
MOE_VC314,Margin of Error; INCOME IN THE PAST 12 MONTHS (IN 2012 INFLATION-ADJUSTED DOLLARS) - Families
EST_VC315,Estimate; INCOME IN THE PAST 12 MONTHS (IN 2012 INFLATION-ADJUSTED DOLLARS) - Median family income (dollars)
MOE_VC315,Margin of Error; INCOME IN THE PAST 12 MONTHS (IN 2012 INFLATION-ADJUSTED DOLLARS) - Median family income (dollars)
EST_VC316,Estimate; INCOME IN THE PAST 12 MONTHS (IN 2012 INFLATION-ADJUSTED DOLLARS) - Median family income (dollars) - Married-couple family
MOE_VC316,Margin of Error; INCOME IN THE PAST 12 MONTHS (IN 2012 INFLATION-ADJUSTED DOLLARS) - Median family income (dollars) - Married-couple family
EST_VC317,Estimate; INCOME IN THE PAST 12 MONTHS (IN 2012 INFLATION-ADJUSTED DOLLARS) - Median income (dollars)
MOE_VC317,Margin of Error; INCOME IN THE PAST 12 MONTHS (IN 2012 INFLATION-ADJUSTED DOLLARS) - Median income (dollars)
EST_VC318,"Estimate; INCOME IN THE PAST 12 MONTHS (IN 2012 INFLATION-ADJUSTED DOLLARS) - Median income (dollars) - Male householder, no spouse present, family"
MOE_VC318,"Margin of Error; INCOME IN THE PAST 12 MONTHS (IN 2012 INFLATION-ADJUSTED DOLLARS) - Median income (dollars) - Male householder, no spouse present, family"
EST_VC319,Estimate; INCOME IN THE PAST 12 MONTHS (IN 2012 INFLATION-ADJUSTED DOLLARS) - Median income (dollars)
MOE_VC319,Margin of Error; INCOME IN THE PAST 12 MONTHS (IN 2012 INFLATION-ADJUSTED DOLLARS) - Median income (dollars)
EST_VC320,"Estimate; INCOME IN THE PAST 12 MONTHS (IN 2012 INFLATION-ADJUSTED DOLLARS) - Median income (dollars) - Female householder, no husband present, family"
MOE_VC320,"Margin of Error; INCOME IN THE PAST 12 MONTHS (IN 2012 INFLATION-ADJUSTED DOLLARS) - Median income (dollars) - Female householder, no husband present, family"
EST_VC321,Estimate; INCOME IN THE PAST 12 MONTHS (IN 2012 INFLATION-ADJUSTED DOLLARS) - Median income (dollars)
MOE_VC321,Margin of Error; INCOME IN THE PAST 12 MONTHS (IN 2012 INFLATION-ADJUSTED DOLLARS) - Median income (dollars)
EST_VC323,Estimate; INCOME IN THE PAST 12 MONTHS (IN 2012 INFLATION-ADJUSTED DOLLARS) - Individuals
MOE_VC323,Margin of Error; INCOME IN THE PAST 12 MONTHS (IN 2012 INFLATION-ADJUSTED DOLLARS) - Individuals
EST_VC324,Estimate; INCOME IN THE PAST 12 MONTHS (IN 2012 INFLATION-ADJUSTED DOLLARS) - Per capita income (dollars)
MOE_VC324,Margin of Error; INCOME IN THE PAST 12 MONTHS (IN 2012 INFLATION-ADJUSTED DOLLARS) - Per capita income (dollars)
EST_VC328,"Estimate; INCOME IN THE PAST 12 MONTHS (IN 2012 INFLATION-ADJUSTED DOLLARS) - With earnings for full-time, year-round workers: - Male"
MOE_VC328,"Margin of Error; INCOME IN THE PAST 12 MONTHS (IN 2012 INFLATION-ADJUSTED DOLLARS) - With earnings for full-time, year-round workers: - Male"
EST_VC329,"Estimate; INCOME IN THE PAST 12 MONTHS (IN 2012 INFLATION-ADJUSTED DOLLARS) - With earnings for full-time, year-round workers: - Female"
MOE_VC329,"Margin of Error; INCOME IN THE PAST 12 MONTHS (IN 2012 INFLATION-ADJUSTED DOLLARS) - With earnings for full-time, year-round workers: - Female"
EST_VC331,"Estimate; INCOME IN THE PAST 12 MONTHS (IN 2012 INFLATION-ADJUSTED DOLLARS) - With earnings for full-time, year-round workers: - Mean earnings (dollars) for full-time, year-round workers: - Male"
MOE_VC331,"Margin of Error; INCOME IN THE PAST 12 MONTHS (IN 2012 INFLATION-ADJUSTED DOLLARS) - With earnings for full-time, year-round workers: - Mean earnings (dollars) for full-time, year-round workers: - Male"
EST_VC332,"Estimate; INCOME IN THE PAST 12 MONTHS (IN 2012 INFLATION-ADJUSTED DOLLARS) - With earnings for full-time, year-round workers: - Mean earnings (dollars) for full-time, year-round workers: - Female"
MOE_VC332,"Margin of Error; INCOME IN THE PAST 12 MONTHS (IN 2012 INFLATION-ADJUSTED DOLLARS) - With earnings for full-time, year-round workers: - Mean earnings (dollars) for full-time, year-round workers: - Female"
EST_VC334,"Estimate; INCOME IN THE PAST 12 MONTHS (IN 2012 INFLATION-ADJUSTED DOLLARS) - With earnings for full-time, year-round workers: - Median earnings (dollars) full-time, year-round workers: - Male"
MOE_VC334,"Margin of Error; INCOME IN THE PAST 12 MONTHS (IN 2012 INFLATION-ADJUSTED DOLLARS) - With earnings for full-time, year-round workers: - Median earnings (dollars) full-time, year-round workers: - Male"
EST_VC335,"Estimate; INCOME IN THE PAST 12 MONTHS (IN 2012 INFLATION-ADJUSTED DOLLARS) - With earnings for full-time, year-round workers: - Median earnings (dollars) full-time, year-round workers: - Female"
MOE_VC335,"Margin of Error; INCOME IN THE PAST 12 MONTHS (IN 2012 INFLATION-ADJUSTED DOLLARS) - With earnings for full-time, year-round workers: - Median earnings (dollars) full-time, year-round workers: - Female"
EST_VC339,Estimate; HEALTH INSURANCE COVERAGE - Civilian noninstitutionalized population
MOE_VC339,Margin of Error; HEALTH INSURANCE COVERAGE - Civilian noninstitutionalized population
EST_VC340,Estimate; HEALTH INSURANCE COVERAGE - With private health insurance
MOE_VC340,Margin of Error; HEALTH INSURANCE COVERAGE - With private health insurance
EST_VC341,Estimate; HEALTH INSURANCE COVERAGE - With public coverage
MOE_VC341,Margin of Error; HEALTH INSURANCE COVERAGE - With public coverage
EST_VC342,Estimate; HEALTH INSURANCE COVERAGE - No health insurance coverage
MOE_VC342,Margin of Error; HEALTH INSURANCE COVERAGE - No health insurance coverage
EST_VC345,Estimate; POVERTY RATES FOR FAMILIES AND PEOPLE FOR WHOM POVERTY STATUS IS DETERMINED - All families
MOE_VC345,Margin of Error; POVERTY RATES FOR FAMILIES AND PEOPLE FOR WHOM POVERTY STATUS IS DETERMINED - All families
EST_VC346,Estimate; POVERTY RATES FOR FAMILIES AND PEOPLE FOR WHOM POVERTY STATUS IS DETERMINED - All families - With related children under 18 years
MOE_VC346,Margin of Error; POVERTY RATES FOR FAMILIES AND PEOPLE FOR WHOM POVERTY STATUS IS DETERMINED - All families - With related children under 18 years
EST_VC347,Estimate; POVERTY RATES FOR FAMILIES AND PEOPLE FOR WHOM POVERTY STATUS IS DETERMINED - All families - With related children under 18 years - With related children under 5 years only
MOE_VC347,Margin of Error; POVERTY RATES FOR FAMILIES AND PEOPLE FOR WHOM POVERTY STATUS IS DETERMINED - All families - With related children under 18 years - With related children under 5 years only
EST_VC348,Estimate; POVERTY RATES FOR FAMILIES AND PEOPLE FOR WHOM POVERTY STATUS IS DETERMINED - Married-couple family
MOE_VC348,Margin of Error; POVERTY RATES FOR FAMILIES AND PEOPLE FOR WHOM POVERTY STATUS IS DETERMINED - Married-couple family
EST_VC349,Estimate; POVERTY RATES FOR FAMILIES AND PEOPLE FOR WHOM POVERTY STATUS IS DETERMINED - Married-couple family - With related children under 18 years
MOE_VC349,Margin of Error; POVERTY RATES FOR FAMILIES AND PEOPLE FOR WHOM POVERTY STATUS IS DETERMINED - Married-couple family - With related children under 18 years
EST_VC350,Estimate; POVERTY RATES FOR FAMILIES AND PEOPLE FOR WHOM POVERTY STATUS IS DETERMINED - Married-couple family - With related children under 18 years - With related children under 5 years only
MOE_VC350,Margin of Error; POVERTY RATES FOR FAMILIES AND PEOPLE FOR WHOM POVERTY STATUS IS DETERMINED - Married-couple family - With related children under 18 years - With related children under 5 years only
EST_VC351,"Estimate; POVERTY RATES FOR FAMILIES AND PEOPLE FOR WHOM POVERTY STATUS IS DETERMINED - Female householder, no husband present, family"
MOE_VC351,"Margin of Error; POVERTY RATES FOR FAMILIES AND PEOPLE FOR WHOM POVERTY STATUS IS DETERMINED - Female householder, no husband present, family"
EST_VC352,"Estimate; POVERTY RATES FOR FAMILIES AND PEOPLE FOR WHOM POVERTY STATUS IS DETERMINED - Female householder, no husband present, family - With related children under 18 years"
MOE_VC352,"Margin of Error; POVERTY RATES FOR FAMILIES AND PEOPLE FOR WHOM POVERTY STATUS IS DETERMINED - Female householder, no husband present, family - With related children under 18 years"
EST_VC353,"Estimate; POVERTY RATES FOR FAMILIES AND PEOPLE FOR WHOM POVERTY STATUS IS DETERMINED - Female householder, no husband present, family - With related children under 18 years - With related children under 5 years only"
MOE_VC353,"Margin of Error; POVERTY RATES FOR FAMILIES AND PEOPLE FOR WHOM POVERTY STATUS IS DETERMINED - Female householder, no husband present, family - With related children under 18 years - With related children under 5 years only"
EST_VC355,Estimate; POVERTY RATES FOR FAMILIES AND PEOPLE FOR WHOM POVERTY STATUS IS DETERMINED - All people
MOE_VC355,Margin of Error; POVERTY RATES FOR FAMILIES AND PEOPLE FOR WHOM POVERTY STATUS IS DETERMINED - All people
EST_VC356,Estimate; POVERTY RATES FOR FAMILIES AND PEOPLE FOR WHOM POVERTY STATUS IS DETERMINED - Under 18 years
MOE_VC356,Margin of Error; POVERTY RATES FOR FAMILIES AND PEOPLE FOR WHOM POVERTY STATUS IS DETERMINED - Under 18 years
EST_VC357,Estimate; POVERTY RATES FOR FAMILIES AND PEOPLE FOR WHOM POVERTY STATUS IS DETERMINED - Under 18 years - Related children under 18 years
MOE_VC357,Margin of Error; POVERTY RATES FOR FAMILIES AND PEOPLE FOR WHOM POVERTY STATUS IS DETERMINED - Under 18 years - Related children under 18 years
EST_VC358,Estimate; POVERTY RATES FOR FAMILIES AND PEOPLE FOR WHOM POVERTY STATUS IS DETERMINED - Under 18 years - Related children under 18 years - Related children under 5 years
MOE_VC358,Margin of Error; POVERTY RATES FOR FAMILIES AND PEOPLE FOR WHOM POVERTY STATUS IS DETERMINED - Under 18 years - Related children under 18 years - Related children under 5 years
EST_VC359,Estimate; POVERTY RATES FOR FAMILIES AND PEOPLE FOR WHOM POVERTY STATUS IS DETERMINED - Under 18 years - Related children under 18 years - Related children 5 to 17 years
MOE_VC359,Margin of Error; POVERTY RATES FOR FAMILIES AND PEOPLE FOR WHOM POVERTY STATUS IS DETERMINED - Under 18 years - Related children under 18 years - Related children 5 to 17 years
EST_VC360,Estimate; POVERTY RATES FOR FAMILIES AND PEOPLE FOR WHOM POVERTY STATUS IS DETERMINED - 18 years and over
MOE_VC360,Margin of Error; POVERTY RATES FOR FAMILIES AND PEOPLE FOR WHOM POVERTY STATUS IS DETERMINED - 18 years and over
EST_VC361,Estimate; POVERTY RATES FOR FAMILIES AND PEOPLE FOR WHOM POVERTY STATUS IS DETERMINED - 18 to 64 years
MOE_VC361,Margin of Error; POVERTY RATES FOR FAMILIES AND PEOPLE FOR WHOM POVERTY STATUS IS DETERMINED - 18 to 64 years
EST_VC362,Estimate; POVERTY RATES FOR FAMILIES AND PEOPLE FOR WHOM POVERTY STATUS IS DETERMINED - 65 years and over
MOE_VC362,Margin of Error; POVERTY RATES FOR FAMILIES AND PEOPLE FOR WHOM POVERTY STATUS IS DETERMINED - 65 years and over
EST_VC363,Estimate; POVERTY RATES FOR FAMILIES AND PEOPLE FOR WHOM POVERTY STATUS IS DETERMINED - People in families
MOE_VC363,Margin of Error; POVERTY RATES FOR FAMILIES AND PEOPLE FOR WHOM POVERTY STATUS IS DETERMINED - People in families
EST_VC364,Estimate; POVERTY RATES FOR FAMILIES AND PEOPLE FOR WHOM POVERTY STATUS IS DETERMINED - Unrelated individuals 15 years and over
MOE_VC364,Margin of Error; POVERTY RATES FOR FAMILIES AND PEOPLE FOR WHOM POVERTY STATUS IS DETERMINED - Unrelated individuals 15 years and over
EST_VC368,Estimate; HOUSING TENURE - Occupied housing units
MOE_VC368,Margin of Error; HOUSING TENURE - Occupied housing units
EST_VC369,Estimate; HOUSING TENURE - Owner-occupied housing units
MOE_VC369,Margin of Error; HOUSING TENURE - Owner-occupied housing units
EST_VC370,Estimate; HOUSING TENURE - Renter-occupied housing units
MOE_VC370,Margin of Error; HOUSING TENURE - Renter-occupied housing units
EST_VC372,Estimate; HOUSING TENURE - Average household size of owner-occupied unit
MOE_VC372,Margin of Error; HOUSING TENURE - Average household size of owner-occupied unit
EST_VC373,Estimate; HOUSING TENURE - Average household size of renter-occupied unit
MOE_VC373,Margin of Error; HOUSING TENURE - Average household size of renter-occupied unit
EST_VC377,Estimate; UNITS IN STRUCTURE - Occupied housing units
MOE_VC377,Margin of Error; UNITS IN STRUCTURE - Occupied housing units
EST_VC378,"Estimate; UNITS IN STRUCTURE - 1-unit, detached or attached"
MOE_VC378,"Margin of Error; UNITS IN STRUCTURE - 1-unit, detached or attached"
EST_VC379,Estimate; UNITS IN STRUCTURE - 2 to 4 units
MOE_VC379,Margin of Error; UNITS IN STRUCTURE - 2 to 4 units
EST_VC380,Estimate; UNITS IN STRUCTURE - 5 or more units
MOE_VC380,Margin of Error; UNITS IN STRUCTURE - 5 or more units
EST_VC381,"Estimate; UNITS IN STRUCTURE - Mobile home, boat, RV, van, etc."
MOE_VC381,"Margin of Error; UNITS IN STRUCTURE - Mobile home, boat, RV, van, etc."
EST_VC385,Estimate; YEAR STRUCTURE BUILT - Occupied housing units
MOE_VC385,Margin of Error; YEAR STRUCTURE BUILT - Occupied housing units
EST_VC386,Estimate; YEAR STRUCTURE BUILT - Built 2010 or later
MOE_VC386,Margin of Error; YEAR STRUCTURE BUILT - Built 2010 or later
EST_VC387,Estimate; YEAR STRUCTURE BUILT - Built 2000 to 2009
MOE_VC387,Margin of Error; YEAR STRUCTURE BUILT - Built 2000 to 2009
EST_VC388,Estimate; YEAR STRUCTURE BUILT - Built 1980 to 1999
MOE_VC388,Margin of Error; YEAR STRUCTURE BUILT - Built 1980 to 1999
EST_VC389,Estimate; YEAR STRUCTURE BUILT - Built 1960 to 1979
MOE_VC389,Margin of Error; YEAR STRUCTURE BUILT - Built 1960 to 1979
EST_VC390,Estimate; YEAR STRUCTURE BUILT - Built 1940 to 1959
MOE_VC390,Margin of Error; YEAR STRUCTURE BUILT - Built 1940 to 1959
EST_VC391,Estimate; YEAR STRUCTURE BUILT - Built 1939 or earlier
MOE_VC391,Margin of Error; YEAR STRUCTURE BUILT - Built 1939 or earlier
EST_VC395,Estimate; VEHICLES AVAILABLE - Occupied housing units
MOE_VC395,Margin of Error; VEHICLES AVAILABLE - Occupied housing units
EST_VC396,Estimate; VEHICLES AVAILABLE - None
MOE_VC396,Margin of Error; VEHICLES AVAILABLE - None
EST_VC397,Estimate; VEHICLES AVAILABLE - 1 or more
MOE_VC397,Margin of Error; VEHICLES AVAILABLE - 1 or more
EST_VC401,Estimate; HOUSE HEATING FUEL - Occupied housing units
MOE_VC401,Margin of Error; HOUSE HEATING FUEL - Occupied housing units
EST_VC402,Estimate; HOUSE HEATING FUEL - Gas
MOE_VC402,Margin of Error; HOUSE HEATING FUEL - Gas
EST_VC403,Estimate; HOUSE HEATING FUEL - Electricity
MOE_VC403,Margin of Error; HOUSE HEATING FUEL - Electricity
EST_VC404,Estimate; HOUSE HEATING FUEL - All other fuels
MOE_VC404,Margin of Error; HOUSE HEATING FUEL - All other fuels
EST_VC405,Estimate; HOUSE HEATING FUEL - No fuel used
MOE_VC405,Margin of Error; HOUSE HEATING FUEL - No fuel used
EST_VC409,Estimate; SELECTED CHARACTERISTICS - Occupied housing units
MOE_VC409,Margin of Error; SELECTED CHARACTERISTICS - Occupied housing units
EST_VC410,Estimate; SELECTED CHARACTERISTICS - No telephone service available
MOE_VC410,Margin of Error; SELECTED CHARACTERISTICS - No telephone service available
EST_VC411,Estimate; SELECTED CHARACTERISTICS - 1.01 or more occupants per room
MOE_VC411,Margin of Error; SELECTED CHARACTERISTICS - 1.01 or more occupants per room
EST_VC415,Estimate; SELECTED MONTHLY OWNER COSTS AS A PERCENTAGE OF HOUSEHOLD INCOME IN THE PAST 12 MONTHS - Housing units with a mortgage (excluding units where SMOC cannot be computed)
MOE_VC415,Margin of Error; SELECTED MONTHLY OWNER COSTS AS A PERCENTAGE OF HOUSEHOLD INCOME IN THE PAST 12 MONTHS - Housing units with a mortgage (excluding units where SMOC cannot be computed)
EST_VC416,Estimate; SELECTED MONTHLY OWNER COSTS AS A PERCENTAGE OF HOUSEHOLD INCOME IN THE PAST 12 MONTHS - Less than 30 percent
MOE_VC416,Margin of Error; SELECTED MONTHLY OWNER COSTS AS A PERCENTAGE OF HOUSEHOLD INCOME IN THE PAST 12 MONTHS - Less than 30 percent
EST_VC417,Estimate; SELECTED MONTHLY OWNER COSTS AS A PERCENTAGE OF HOUSEHOLD INCOME IN THE PAST 12 MONTHS - 30 percent or more
MOE_VC417,Margin of Error; SELECTED MONTHLY OWNER COSTS AS A PERCENTAGE OF HOUSEHOLD INCOME IN THE PAST 12 MONTHS - 30 percent or more
EST_VC421,Estimate; OWNER CHARACTERISTICS - Owner-occupied housing units
MOE_VC421,Margin of Error; OWNER CHARACTERISTICS - Owner-occupied housing units
EST_VC422,Estimate; OWNER CHARACTERISTICS - Median value (dollars)
MOE_VC422,Margin of Error; OWNER CHARACTERISTICS - Median value (dollars)
EST_VC423,Estimate; OWNER CHARACTERISTICS - Median selected monthly owner costs with a mortgage (dollars)
MOE_VC423,Margin of Error; OWNER CHARACTERISTICS - Median selected monthly owner costs with a mortgage (dollars)
EST_VC424,Estimate; OWNER CHARACTERISTICS - Median selected monthly owner costs without a mortgage (dollars)
MOE_VC424,Margin of Error; OWNER CHARACTERISTICS - Median selected monthly owner costs without a mortgage (dollars)
EST_VC428,Estimate; GROSS RENT AS A PERCENTAGE OF HOUSEHOLD INCOME IN THE PAST 12 MONTHS - Occupied units paying rent (excluding units where GRAPI cannot be computed)
MOE_VC428,Margin of Error; GROSS RENT AS A PERCENTAGE OF HOUSEHOLD INCOME IN THE PAST 12 MONTHS - Occupied units paying rent (excluding units where GRAPI cannot be computed)
EST_VC429,Estimate; GROSS RENT AS A PERCENTAGE OF HOUSEHOLD INCOME IN THE PAST 12 MONTHS - Less than 30 percent
MOE_VC429,Margin of Error; GROSS RENT AS A PERCENTAGE OF HOUSEHOLD INCOME IN THE PAST 12 MONTHS - Less than 30 percent
EST_VC430,Estimate; GROSS RENT AS A PERCENTAGE OF HOUSEHOLD INCOME IN THE PAST 12 MONTHS - 30 percent or more
MOE_VC430,Margin of Error; GROSS RENT AS A PERCENTAGE OF HOUSEHOLD INCOME IN THE PAST 12 MONTHS - 30 percent or more
EST_VC434,Estimate; GROSS RENT - Occupied units paying rent
MOE_VC434,Margin of Error; GROSS RENT - Occupied units paying rent
EST_VC435,Estimate; GROSS RENT - Median gross rent (dollars)
MOE_VC435,Margin of Error; GROSS RENT - Median gross rent (dollars)
