,year,MSA,total_population,gender_male,gender_female,age_under_5_years,age_5_to_17_years,age_18_to_24_years,age_25_to_34_years,age_35_to_44_years,age_45_to_54_years,age_55_to_64_years,age_65_to_74_years,age_75_years_and_over,age_median_age_(years),age_18_years_and_over,age_21_years_and_over,age_62_years_and_over,age_65_years_and_over,population_in_households_householder_or_spouse,population_in_households_child,population_in_households_nonrelatives,population_in_households_nonrelatives_unmarried_partner,family_households,family_households_with_own_children_under_18_years,family_households_married-couple_family,family_household_married_couple_family_with_own_children_under_18_years,family_households_female_householder_no_husband_present,family_households_female_householder_no_husband_present_with_own_children_under_18,nonfamily_households,nonfamily_households_male_householder,nonfamily_households_male_householder_living_alone,nonfamily_households_male_householder_not_living_alone,nonfamily_households_female_householder,nonfamily_households_female_householder_living_alone,nonfamily_households_female_householder_not_living_alone,average_household_size,average_family_size,now_married_except_separated,widowed,divorced,separated,never_married,enrolled_nursery_school_or_preschool,enrolled_kindergarten,enrolled_elementary_school_grades_1_8,enrolled_high_school_grades_9_12,enrolled_college_or_graduate_school,less_than_high_school_diploma,high_school_graduate_(includes_equivalency),some_college_or_associates_degree,bachelors_degree,graduate_or_professional_degree,high_school_graduate_or_higher,bachelors_degree_or_higher,unmarried_portion_of_women_15_to_50_years_who_had_a_birth_in_past_12_months,population_30_years_and_over_living_with_grandchild(ren),population_30_years_and_over_living_with_grandchild(ren)_responsible_for_grandchild(ren),civilian_veteran,total_civilian_noninst_population_with_a_disability,civilian_noninst_population_under_18_years_with_a_disability,civilian_noninst_population_18_to_64_years_with_a_disability,civilian_noninst_population_65_years_and_older_with_a_disability,residence_year_ago_same_house,residence_year_ago_different_house_in_the_us,residence_year_ago_different_house_in_the_us_same_county,residence_year_ago_different_house_in_the_us_different_county,residence_year_ago_different_house_in_the_us_different_county_same_state,residence_year_ago_different_house_in_the_us_different_county_different_state,residence_year_ago_abroad,native,foreign_born,foreign_born_naturalized_us_citizen,foreign_born_not_a_us_citizen,born_outside_entered_2000_or_later,born_outside_entered_1990_to_1999,born_outside_entered_before_1990,born_in_europe,born_in_asia,born_in_africa,born_in_oceania,born_in_latin_america,born_in_northern_america,speaking_english_only,speaking_language_other_than_english,speaking_language_other_than_english_speak_english_less_than_very_well,employment_in_labor_force,employment_in_labor_force_civilian_labor_force,employment_in_labor_force_civilian_labor_force_employed,employment_in_labor_force_civilian_labor_force_unemployed,employment_in_labor_force_civilian_labor_force_unemployed_percent_of_civilian_labor_force,employment_in_labor_force_armed_forces,employment_not_in_labor_force,commuting_car_truck_or_van_drove_alone,commuting_car_truck_or_van_carpooled,commuting_public_transportation_(excluding_taxicab),commuting_walked,commuting_other_means,commuting_worked_at_home,commuting_mean_travel_time_to_work_(minutes),"occupation_management,_business,_science,_and_arts_occupations",occupation_service_occupations,occupation_sales_and_office_occupations,occupation_natural_resources_construction_and_maintenance_occupations,occupation_production_transportation_and_material_moving_occupations,industry_agriculture_forestry_fishing_and_hunting_and_mining,industry_construction,industry_manufacturing,industry_wholesale_trade,industry_retail_trade,industry_transportation_and_warehousing_and_utilities,industry_information,industry_finance_and_insurance_and_real_estate_and_rental_and_leasing,industry_professional_scientific_and_management_and_administrative_and_waste_management_services,industry_educational_services_and_health_care_and_social_assistance,industry_arts_entertainment_and_recreation_and_accommodation_and_food_services,industry_other_services_(except_public_administration),industry_public_administration,private_wage_and_salary_workers,government_workers,self_employed_workers_in_own_not_incorporated_business,unpaid_family_workers,median_household_income_(dollars),households_with_earnings,households__with_social_security_income,households_with_supplemental_security_income,households_with_cash_public_assistance_income,households_with_retirement_income,households_with_food_stamp_snap_benefits,median_family_income_(dollars),percentage_married-couple_family,median_family_income_(dollars)_married-couple_family,percentage_male_householder_no_spouse_present_family,median_family_income_(dollars)_male_householder_no_spouse_present_family,percentage_female_householder_no_husband_present_family,median_family_income_(dollars)_female_householder_no_husband_present_family,per_capita_income_(dollars),civilian_noninst_population_with_private_health_insurance,civilian_noninst_population_with_public_health_coverage,civilian_noninst_population_no_health_insurance_coverage,poverty_all_families,poverty_all_families_with_related_children_under_18_years,poverty_all_families_with_related_children_under_18_years_with_related_children_under_5_years_only,poverty_married-couple_family,poverty_married-couple_family_with_related_children_under_18_years,poverty_married-couple_family_with_related_children_under_5_years_only,poverty_female_householder_no_husband_present,poverty_female_householder_no_husband_present_with_related_children_under_18_years,poverty_female_householder_no_husband_present_with_related_children_under_5_years_only,poverty_all_people,poverty_under_18_years,poverty_related_children_under_18_years,poverty_related_children_under_5_years,poverty_related_children_5_to_17_years,poverty_18_years_and_over,poverty_18_to_64_years,poverty_65_years_and_over,poverty_people_in_families,poverty_unrelated_individuals_15_years_and_over,owner_occupied_housing_units,renter_occupied_housing_units,average_household_size_of_owner-occupied_unit,average_household_size_of_renter-occupied_unit,units_in_structure_1_unit_detached_or_attached,units_in_structure_2_to_4_units,units_in_structure_5_or_more_units,units_in_structure_mobile_home_boat_rv_van_etc,housing_unit_built_2000_or_later,housing_unit_built_1990_to_1999,housing_unit_built_1980_to_1989,housing_unit_built_1960_to_1979,housing_unit_built_1940_to_1959,housing_unit_built_1939_or_earlier,vehicles_per_housing_unit_none,vehicles_per_housing_unit_1_or_more,house_heating_fuel_gas,house_heating_fuel_electricity,house_heating_fuel_all_other_fuels,house_heating_fuel_no_fuel_used,occupied_housing_units,no_telephone_service_available,1_01_or_more_occupants_per_room,monthly_owner_costs_as_percentage_of_household_income_less_than_30_percent,monthly_owner_costs_as_percentage_of_household_income_30_percent_or_more,house_median_value_(dollars),house_median_selected_monthly_owner_costs_with_a_mortgage_(dollars),house_median_selected_monthly_owner_costs_without_a_mortgage_(dollars),gross_rent_as_percentage_of_household_income_less_than_30_percent,gross_rent_as_percentage_of_household_income_30_percent_or_more,median_gross_rent_(dollars),murder_per_100_k
0,2010,"Akron, OH",702951,48.6,51.4,5.6,16.7,10.6,11.7,12.5,15.5,13.0,7.4,7.0,39.7,77.7,72.9,17.7,14.3,60.0,29.5,5.9,2.4,63.2,27.1,46.6,18.8,12.5,6.8,36.8,16.6,13.3,3.3,20.2,17.1,3.1,2.44,3.06,47.9,6.7,11.8,1.4,32.2,5.5,4.2,37.3,20.1,32.8,10.7,33.6,27.2,18.9,9.6,89.3,28.5,41.0,2.5,48.6,9.9,12.6,4.5,9.8,38.3,87.9,11.7,7.3,4.4,3.6,0.8,0.4,676041,26910,14468,12442,43.5,21.2,35.3,33.4,47.4,5.4,0.0,9.4,4.4,94.2,5.8,1.6,65.7,65.7,57.8,7.9,12.0,0.1,34.3,87.7,5.7,1.5,1.6,0.7,2.9,22.6,36.1,18.4,25.6,7.0,12.9,0.3,4.7,15.5,3.4,12.0,4.2,1.9,6.9,9.0,24.6,9.3,4.8,3.3,82.8,12.7,4.4,0.1,46521,75.9,29.2,5.1,5.4,20.5,12.9,60607,73.7,73107,6.5,38414,19.8,28869,24961,71.5,28.9,11.5,10.7,18.1,26.3,5.0,7.6,8.2,29.1,41.7,50.8,15.5,22.1,21.5,30.9,18.3,13.5,14.7,8.2,11.9,28.9,69.0,31.0,2.54,2.23,77.5,6.8,13.6,2.2,10.9,12.4,9.4,26.8,22.4,18.1,8.0,92.0,86.3,9.7,3.8,0.1,281523,6.2,1.0,69.3,30.7,145000,1279,450,48.0,52.0,702,3.7
1,2010,"Albany-Schenectady-Troy, NY",870832,48.9,51.1,5.4,15.9,11.1,12.1,13.1,15.4,13.1,7.1,6.8,39.5,78.7,73.5,17.8,14.0,60.3,29.4,6.5,3.1,59.7,26.5,45.5,18.1,10.7,6.4,40.3,19.1,14.7,4.4,21.2,17.6,3.6,2.41,3.10,46.7,6.7,8.8,2.5,35.3,5.0,3.8,37.2,19.4,34.6,8.9,28.6,29.4,18.4,14.8,91.1,33.2,26.2,1.7,35.5,9.3,11.4,3.9,8.9,35.4,87.8,11.8,6.5,5.3,3.5,1.8,0.4,813049,57783,32497,25286,35.4,21.6,43.0,24.3,39.0,5.8,0.4,24.8,5.7,91.8,8.2,2.7,66.7,66.5,61.1,5.4,8.1,0.3,33.3,80.8,7.8,3.1,3.3,1.2,3.8,22.2,41.9,16.7,26.7,6.6,8.1,0.4,4.8,6.1,2.4,12.2,4.1,2.1,7.3,9.8,27.7,8.6,4.6,9.8,72.1,22.3,5.5,0.0,55796,77.2,29.6,4.4,2.6,21.5,10.3,73130,76.1,88158,6.0,47794,17.9,32200,29528,75.4,29.1,8.6,8.2,14.6,18.6,2.8,4.7,4.8,27.4,38.1,51.7,11.5,16.1,16.1,22.7,13.8,10.2,10.8,7.3,8.7,20.8,64.8,35.2,2.57,2.11,63.4,18.0,14.8,3.7,10.0,9.9,10.8,23.0,17.4,29.0,10.6,89.4,64.2,13.8,21.7,0.2,348634,2.0,1.5,69.7,30.3,199000,1605,558,49.8,50.2,846,1.5
2,2010,"Albuquerque, NM",892014,49.0,51.0,6.8,17.6,9.8,13.8,12.9,14.3,12.4,6.9,5.5,36.5,75.6,71.4,16.0,12.4,56.6,29.8,6.2,3.2,64.6,29.6,44.6,18.4,13.3,8.1,35.4,16.6,12.6,4.0,18.8,15.4,3.4,2.55,3.16,46.9,5.0,13.0,1.9,33.2,4.9,4.0,39.7,20.2,31.1,13.2,24.6,32.9,16.6,12.6,86.8,29.3,44.6,4.1,44.3,11.5,12.0,2.8,10.2,39.6,85.3,14.4,8.6,5.8,2.3,3.4,0.3,801179,90835,31437,59398,36.4,27.2,36.4,7.6,16.1,0.9,0.3,73.2,1.9,67.6,32.4,8.3,63.6,63.2,57.8,5.5,8.6,0.4,36.4,80.5,9.4,2.1,1.6,2.0,4.4,23.8,39.8,18.5,24.6,9.2,8.0,1.0,7.5,5.2,2.4,12.6,3.9,2.1,4.6,12.8,24.5,10.6,4.1,8.7,71.9,22.6,5.5,0.0,47383,79.4,26.8,5.3,2.3,19.1,12.1,59158,69.0,71781,10.4,39358,20.6,30048,25044,61.1,33.2,16.6,14.0,22.3,25.2,7.5,12.1,13.8,32.2,41.7,46.4,17.2,25.9,25.6,28.7,24.4,14.5,15.2,10.9,15.4,24.4,66.8,33.2,2.66,2.35,72.5,6.0,12.8,8.7,19.8,18.9,15.1,27.3,15.2,3.7,4.8,95.2,84.8,11.2,3.9,0.1,344800,3.1,2.8,63.7,36.3,183300,1305,358,50.9,49.1,748,5.8
3,2010,"Allentown-Bethlehem-Easton, PA-NJ",822141,48.8,51.2,5.7,17.1,8.8,11.2,13.4,15.7,12.8,7.5,7.7,40.5,77.2,72.9,18.5,15.2,59.8,29.5,4.9,2.7,68.6,29.8,52.3,20.6,11.8,7.1,31.4,14.0,11.1,2.9,17.4,14.8,2.6,2.55,3.07,51.3,7.0,9.4,2.4,30.0,6.3,4.5,40.7,20.9,27.7,12.3,35.0,26.0,16.6,10.1,87.7,26.6,37.7,3.3,30.9,9.7,12.3,5.5,9.5,34.3,86.4,12.9,7.2,5.7,3.2,2.5,0.7,759286,62855,35098,27757,34.3,25.1,40.6,22.7,28.3,8.5,0.0,38.0,2.6,84.4,15.6,5.5,64.3,64.3,57.4,6.9,10.8,0.0,35.7,82.7,8.5,1.5,2.1,0.7,4.6,27.4,35.5,16.5,25.7,8.4,14.0,0.3,5.5,14.8,2.8,11.8,5.3,2.7,5.7,10.3,25.5,7.5,4.2,3.5,83.5,11.0,5.5,0.1,55630,76.8,32.5,5.2,3.2,20.8,9.8,67207,76.2,79158,6.6,47573,17.2,32110,27253,73.7,30.0,10.3,8.8,14.6,18.8,3.4,4.7,,30.3,39.1,47.5,11.7,17.5,17.4,22.0,15.8,10.0,10.9,6.1,9.7,21.5,71.9,28.1,2.64,2.32,78.3,8.0,11.3,2.4,12.3,10.6,12.0,22.5,17.0,25.6,9.2,90.8,35.8,28.0,35.9,0.2,311470,1.3,1.2,63.2,36.8,218700,1653,555,44.6,55.4,848,3.5
4,2010,"Atlanta-Sandy Springs-Marietta, GA",5288302,48.7,51.3,7.2,19.3,9.2,14.5,15.6,14.7,10.6,5.4,3.5,34.9,73.5,69.5,11.8,8.9,53.6,32.4,5.4,1.7,68.1,33.8,48.7,23.0,14.7,8.6,31.9,14.5,11.4,3.0,17.4,15.3,2.2,2.77,3.38,48.7,4.6,11.0,2.4,33.3,7.1,5.1,41.5,20.2,26.0,12.5,25.2,28.2,22.3,11.8,87.5,34.1,37.9,4.3,38.5,8.8,9.1,3.3,7.8,36.3,82.8,16.7,9.2,7.5,4.9,2.6,0.5,4571868,716434,257462,458972,44.4,31.6,24.1,9.2,27.6,9.5,0.3,51.7,1.7,82.6,17.4,7.7,69.1,69.0,59.9,9.1,13.2,0.1,30.9,77.6,10.3,3.4,1.3,1.7,5.8,30.3,38.8,15.7,26.2,8.5,10.7,0.3,6.8,8.6,3.7,12.1,6.3,3.4,7.2,13.5,19.3,8.9,5.1,4.7,80.7,13.5,5.7,0.1,53182,84.1,20.7,3.7,1.9,14.0,11.3,62404,71.6,78301,6.8,40895,21.6,31434,26333,65.2,22.5,19.9,11.4,16.5,17.7,5.4,7.7,7.1,28.9,35.5,42.8,14.8,20.5,20.3,24.1,18.9,12.7,13.2,9.6,13.1,23.4,66.5,33.5,2.82,2.68,74.5,3.9,18.9,2.7,27.8,22.4,18.8,21.2,6.9,2.9,6.1,93.9,62.5,36.7,0.6,0.2,1879479,2.4,2.8,60.7,39.3,175900,1544,448,46.3,53.7,910,6.1
5,2010,"Augusta-Richmond County, GA-SC",560293,49.0,51.0,6.9,18.0,10.5,12.7,12.6,14.6,12.2,7.1,5.2,36.7,75.1,70.3,15.6,12.3,55.5,32.1,4.1,1.7,68.3,29.1,45.3,16.3,18.0,10.6,31.7,15.0,12.5,2.5,16.8,14.8,1.9,2.61,3.20,45.9,6.2,11.2,3.5,33.2,6.1,5.5,40.2,21.8,26.4,14.9,31.0,29.7,15.4,9.1,85.1,24.5,41.6,4.5,55.9,12.9,14.5,5.4,13.2,39.9,84.5,14.8,7.9,6.9,2.8,4.1,0.7,536764,23529,12581,10948,32.1,21.9,46.0,21.9,35.1,4.6,0.6,35.4,2.4,94.1,5.9,2.0,59.9,57.6,51.2,6.4,11.1,2.3,40.1,83.5,10.1,0.9,1.6,0.9,2.9,23.4,34.0,17.7,23.1,10.0,15.2,1.0,7.0,14.5,2.3,11.2,5.5,1.8,4.4,9.1,23.6,9.1,4.5,6.2,73.8,21.2,4.7,0.3,44477,75.0,28.4,5.4,1.9,21.3,14.4,53460,66.3,67401,7.3,37392,26.3,29497,22516,63.4,31.9,16.6,15.8,24.4,35.8,7.4,11.3,17.2,35.5,42.0,61.9,19.9,28.4,28.3,37.0,25.0,17.0,18.3,10.5,18.0,29.5,67.6,32.4,2.66,2.51,70.6,5.3,9.4,14.8,20.7,20.7,17.2,26.7,10.6,4.1,7.7,92.3,40.6,57.3,1.6,0.4,206641,4.0,1.7,68.6,31.4,126200,1154,358,51.0,49.0,704,10.2
6,2010,"Austin-Round Rock-San Marcos, TX",1728307,50.1,49.9,7.4,17.9,11.6,17.0,15.1,13.2,9.7,4.8,3.3,32.5,74.7,69.6,10.6,8.1,56.0,29.4,7.9,2.9,62.4,32.9,45.8,22.7,12.0,8.0,37.6,18.6,13.1,5.6,18.9,14.5,4.5,2.60,3.23,47.8,3.6,10.7,2.0,35.9,6.4,4.9,38.7,17.0,32.9,12.5,20.0,28.2,25.7,13.7,87.5,39.4,33.7,3.6,34.1,8.3,9.1,3.9,7.8,36.7,77.1,22.1,13.2,8.9,6.3,2.6,0.8,1481633,246674,65761,180913,44.8,28.0,27.2,6.2,24.8,2.5,0.4,64.6,1.6,72.8,27.2,10.9,70.4,70.3,64.5,5.8,8.3,0.1,29.6,75.6,10.5,2.3,1.9,2.4,7.3,25.0,43.2,16.2,24.4,9.0,7.0,0.7,7.5,9.4,2.4,11.5,3.1,2.0,6.6,14.4,20.8,9.5,5.3,6.8,75.2,17.6,7.1,0.1,55744,87.0,17.6,3.0,1.5,13.0,9.6,68897,73.4,82969,7.3,40136,19.3,32360,28435,66.9,21.4,19.3,10.6,15.7,15.1,5.6,8.3,6.2,28.3,35.5,41.5,15.9,20.1,19.8,22.1,18.9,14.5,15.4,7.3,12.4,28.0,57.4,42.6,2.75,2.40,63.0,7.1,24.7,5.1,31.6,19.5,19.3,20.1,6.9,2.4,5.4,94.6,46.7,52.7,0.5,0.2,647500,2.5,4.1,66.8,33.2,187600,1622,564,46.6,53.4,919,3.4
7,2010,"Bakersfield-Delano, CA",842207,51.7,48.3,8.7,21.6,11.2,14.5,13.1,12.8,9.3,5.2,3.8,30.9,69.7,64.8,11.6,9.0,46.8,36.6,5.8,2.5,75.1,40.4,50.4,25.4,16.8,10.5,24.9,11.8,9.0,2.8,13.1,10.8,2.3,3.21,3.69,46.8,5.0,10.0,3.4,34.8,4.8,5.1,44.5,24.3,21.3,28.7,25.6,30.6,9.9,5.1,71.3,15.0,47.0,6.3,30.4,7.8,12.1,3.2,12.3,41.8,78.8,20.8,15.3,5.5,4.1,1.4,0.4,668281,173926,51089,122837,28.0,26.8,45.2,1.8,14.6,2.1,0.1,80.8,0.6,59.5,40.5,17.9,59.0,58.8,50.3,8.6,14.6,0.2,41.0,75.1,15.7,1.0,2.4,2.3,3.5,23.9,27.4,18.2,23.0,19.5,11.9,15.5,6.0,5.1,3.0,11.7,4.8,1.0,4.2,8.7,19.7,8.0,5.1,7.3,72.8,19.1,8.0,0.1,45524,79.1,27.2,8.4,7.5,14.5,14.1,49403,67.2,63130,10.4,35663,22.4,25936,19077,50.1,35.6,22.2,17.2,24.9,24.4,9.3,13.3,11.4,36.9,47.1,49.7,21.2,30.5,30.4,34.5,28.7,17.1,18.4,8.5,19.6,31.3,59.0,41.0,3.11,3.35,74.6,9.6,8.5,7.3,21.4,14.5,17.2,26.1,16.1,4.7,7.0,93.0,78.6,17.2,3.1,1.1,252284,2.4,8.6,57.0,43.0,164200,1482,356,43.1,56.9,821,9.0
8,2010,"Baltimore-Towson, MD",2714183,48.2,51.8,6.2,16.7,9.9,13.4,13.3,15.6,12.2,6.8,5.9,38.2,77.1,72.8,15.9,12.7,56.6,30.0,5.7,2.2,65.5,29.2,46.4,19.3,14.7,8.0,34.5,15.1,12.0,3.1,19.3,16.4,2.9,2.59,3.20,46.5,6.4,9.5,2.6,34.9,7.0,4.8,36.4,19.9,31.9,12.3,26.2,26.4,19.9,15.2,87.7,35.1,36.2,4.2,36.7,10.0,10.9,4.2,8.8,34.7,87.1,12.3,7.1,5.2,3.2,2.0,0.6,2462923,251260,119605,131655,43.5,24.9,31.6,14.9,39.9,12.7,0.4,30.1,2.0,88.4,11.6,4.1,68.0,67.3,61.3,6.0,8.9,0.7,32.0,76.5,9.6,6.0,2.6,1.2,4.1,30.0,43.7,15.9,25.0,7.4,8.0,0.3,6.3,6.2,2.5,10.3,4.4,2.4,7.2,13.1,25.1,7.2,4.7,10.5,74.4,21.2,4.3,0.1,64812,80.9,25.9,4.8,3.1,19.3,9.3,80526,70.8,99749,6.8,55545,22.4,39555,32568,74.4,27.3,10.1,7.6,11.7,12.1,2.7,3.2,3.2,21.8,28.5,35.0,11.0,14.9,14.6,19.1,12.9,9.9,10.0,9.1,8.7,21.0,66.0,34.0,2.69,2.39,74.7,4.3,19.8,1.1,10.6,13.6,14.7,26.1,21.0,14.1,11.5,88.5,49.1,37.0,13.7,0.3,1022553,3.3,1.5,63.4,36.6,288700,1904,540,48.5,51.5,1048,10.3
9,2010,"Boise City-Nampa, ID",619694,49.9,50.1,7.6,20.1,8.9,14.1,13.7,13.5,10.9,6.3,4.9,34.5,72.3,68.5,14.1,11.2,57.1,31.3,5.5,2.0,68.7,33.3,54.3,24.4,10.0,6.4,31.3,15.3,11.8,3.5,16.1,13.1,2.9,2.70,3.26,55.1,4.5,12.2,1.6,26.6,6.4,5.7,43.0,19.5,25.4,11.1,25.6,34.9,19.2,9.1,88.9,28.3,30.4,4.0,38.7,10.7,11.2,4.2,9.8,36.6,82.1,17.6,10.5,7.1,3.6,3.5,0.3,579779,39915,15063,24852,35.6,30.5,33.8,20.3,17.6,4.9,0.7,53.5,2.9,87.9,12.1,3.9,66.0,65.8,58.9,6.9,10.5,0.2,34.0,79.0,8.1,0.5,2.1,3.4,6.9,21.5,37.8,17.0,25.2,9.5,10.5,2.9,6.3,10.2,3.2,11.9,4.9,2.2,6.2,12.0,22.0,8.2,4.1,5.9,79.4,14.3,6.1,0.2,47237,81.0,25.5,3.7,2.6,17.2,12.0,56452,79.1,64103,6.4,41393,14.5,28486,22830,69.3,25.6,16.4,11.6,17.5,19.7,7.4,11.3,12.0,29.8,36.2,32.1,16.2,21.2,21.0,25.8,19.2,14.3,15.5,7.6,13.8,27.9,68.2,31.8,2.75,2.58,79.0,6.7,8.6,5.7,28.7,24.1,10.1,21.5,9.4,6.2,4.8,95.2,72.1,23.2,4.4,0.3,225007,2.5,3.2,63.5,36.5,173200,1286,327,44.8,55.2,743,1.6
10,2010,"Boston-Cambridge-Quincy, MA-NH",4560689,48.4,51.6,5.6,15.9,10.4,13.6,13.8,15.4,12.0,6.8,6.4,38.6,78.5,74.0,16.5,13.1,58.3,29.4,6.8,2.6,62.8,29.0,47.1,20.8,11.8,6.4,37.2,16.0,11.9,4.2,21.1,16.9,4.2,2.52,3.15,47.2,5.6,9.1,2.0,36.1,6.5,4.8,35.5,19.1,34.2,9.4,24.9,22.7,24.0,19.0,90.6,43.0,28.3,2.8,25.5,7.3,9.7,3.5,7.4,32.3,85.4,13.5,8.0,5.5,3.1,2.5,1.1,3792844,767845,360290,407555,39.1,26.0,34.9,19.4,31.1,8.0,0.4,38.4,2.7,77.5,22.5,9.2,69.5,69.4,62.8,6.6,9.5,0.1,30.5,69.5,7.5,11.8,5.4,1.5,4.4,28.8,46.3,16.3,23.4,6.4,7.6,0.3,5.0,8.5,2.5,10.7,3.5,2.9,8.3,14.5,27.0,8.2,4.4,4.0,81.3,12.4,6.2,0.1,68020,80.6,25.6,5.1,2.8,14.9,9.4,85825,74.9,101838,6.2,51963,18.8,40848,35999,77.9,28.3,5.0,7.1,10.7,12.8,2.4,2.7,3.4,24.2,32.8,44.7,10.3,11.9,11.6,14.5,10.5,9.9,10.2,8.4,7.1,21.9,61.7,38.3,2.72,2.20,54.6,20.9,23.3,1.2,7.8,7.4,10.8,21.8,16.9,35.2,13.5,86.5,52.9,13.5,33.3,0.3,1745690,1.6,1.6,60.7,39.3,365200,2226,730,49.9,50.1,1141,3.5
11,2010,"Bridgeport-Stamford-Norwalk, CT",918714,48.6,51.4,6.2,18.5,7.9,11.6,14.3,16.2,11.7,6.9,6.6,39.6,75.3,71.6,16.9,13.5,55.9,32.7,4.4,1.6,68.1,33.7,52.4,25.7,11.6,6.3,31.9,13.8,11.2,2.6,18.0,16.1,2.0,2.72,3.36,51.7,6.0,9.4,1.5,31.5,7.2,4.4,41.8,23.0,23.6,12.1,23.0,20.8,24.8,19.2,87.9,44.0,27.0,3.3,24.7,6.3,8.9,2.9,6.7,30.7,88.5,10.6,7.1,3.5,1.1,2.5,0.9,733305,185409,77754,107655,37.8,25.4,36.8,25.7,17.2,2.6,0.5,51.9,2.1,72.5,27.5,12.6,67.5,67.5,60.2,7.2,10.7,0.0,32.5,75.2,8.1,8.3,2.7,0.8,4.9,27.6,42.4,17.3,25.7,7.5,7.2,0.3,6.3,8.5,2.8,10.6,3.1,3.1,11.9,16.2,21.6,7.3,5.6,2.7,80.4,10.6,9.0,0.1,74831,81.2,27.5,2.9,2.7,15.5,8.0,95296,77.0,111319,6.1,61536,17.0,42248,44024,73.9,24.6,11.7,7.0,10.5,11.0,3.6,4.4,3.5,20.8,28.6,39.4,9.4,10.9,10.7,12.5,10.0,9.0,9.4,6.9,7.1,21.7,69.0,31.0,2.82,2.51,64.9,16.8,18.1,0.2,6.7,6.0,11.3,29.7,25.4,21.0,8.6,91.4,37.3,15.8,46.8,0.1,329091,2.8,2.4,52.1,47.9,441400,2700,951,44.5,55.5,1233,3.8
12,2010,"Buffalo-Niagara Falls, NY",1135198,48.4,51.6,5.3,16.2,10.3,11.6,12.2,15.7,12.9,7.7,8.0,40.8,78.5,73.6,19.3,15.7,60.0,30.1,5.9,2.5,60.7,25.6,42.6,15.4,13.7,7.7,39.3,17.8,13.9,3.9,21.5,18.4,3.1,2.38,3.04,44.8,7.4,10.6,2.0,35.2,5.8,4.5,37.2,21.1,31.5,10.4,31.2,30.2,16.1,12.2,89.6,28.3,38.2,2.1,43.0,9.9,12.7,4.6,10.8,32.6,87.6,11.9,8.8,3.1,2.0,1.1,0.5,1066877,68321,38810,29511,36.1,22.7,41.2,29.1,41.6,5.2,0.1,13.5,10.6,91.3,8.7,2.9,63.0,63.0,56.9,6.1,9.7,0.1,37.0,82.0,7.5,3.8,3.0,1.4,2.3,21.2,36.0,18.0,27.7,6.8,11.5,0.5,4.8,10.9,3.0,12.2,4.5,1.7,7.3,9.4,28.1,8.7,4.6,4.4,78.4,17.3,4.3,0.0,46420,72.6,32.8,6.5,3.4,22.5,14.9,59761,70.2,74367,7.2,43368,22.6,30015,25178,73.3,34.2,7.7,10.4,18.6,24.3,3.4,5.4,2.6,29.8,41.8,59.4,14.4,21.4,20.9,25.2,19.5,12.4,13.4,8.5,11.3,25.0,65.5,34.5,2.53,2.10,65.2,21.5,11.5,1.8,5.5,7.3,7.1,22.1,27.5,30.5,13.1,86.9,88.5,6.5,4.8,0.2,464581,2.5,0.7,71.9,28.1,120700,1219,479,48.7,51.3,672,6.1
13,2010,"Cape Coral-Fort Myers, FL",620151,49.2,50.8,5.3,14.2,7.6,10.7,11.3,13.3,14.1,13.3,10.3,45.7,80.5,77.0,28.1,23.6,57.6,26.7,7.8,2.4,65.4,21.9,51.2,13.6,10.2,6.1,34.6,15.7,11.8,3.8,18.9,16.2,2.8,2.62,3.17,51.3,8.0,13.1,1.9,25.8,6.2,5.4,42.1,21.1,25.2,14.0,32.1,30.4,14.8,8.6,86.0,23.4,47.7,2.8,32.7,12.9,13.3,3.5,10.1,29.3,79.3,19.6,13.6,6.0,2.1,4.0,1.0,524657,95494,33818,61676,44.6,23.7,31.7,16.5,8.2,0.3,0.1,69.1,5.9,79.2,20.8,10.8,54.3,54.3,45.4,8.8,16.3,0.0,45.7,75.4,12.2,1.6,0.8,3.6,6.4,25.4,28.3,25.0,29.7,9.5,7.5,1.1,7.8,3.3,2.0,15.7,5.6,1.9,6.6,12.6,19.5,13.6,5.9,4.5,80.8,12.4,6.4,0.5,43936,66.3,43.8,4.0,2.1,24.9,10.3,53015,78.2,61947,6.2,26348,15.6,26657,24699,57.6,38.1,22.2,11.3,22.0,18.5,6.4,11.9,6.7,27.8,37.9,42.2,17.4,29.2,29.0,33.9,27.2,14.6,17.5,7.4,15.3,25.5,71.0,29.0,2.49,2.96,66.1,7.7,16.5,9.7,31.6,19.9,21.4,22.2,4.0,0.8,5.1,94.9,1.5,97.3,0.1,1.1,233693,2.8,2.3,51.8,48.2,149500,1475,542,39.5,60.5,873,4.5
14,2010,"Charleston-North Charleston-Summerville, SC",667741,48.9,51.1,6.9,16.2,11.3,14.9,13.4,13.9,11.8,6.9,4.7,35.5,76.9,72.0,14.4,11.6,56.7,29.7,6.7,1.5,64.5,29.2,46.1,19.3,14.9,8.3,35.5,17.0,12.9,4.1,18.5,15.9,2.7,2.57,3.17,46.5,5.4,10.9,3.1,34.1,7.0,5.2,36.6,20.3,30.9,12.0,26.5,29.5,20.5,11.4,88.0,31.9,38.6,4.0,54.0,14.0,11.4,3.6,9.7,36.0,80.9,18.7,9.6,9.2,4.7,4.4,0.4,631660,36081,12584,23497,46.4,26.3,27.2,18.0,20.7,3.3,0.3,54.1,3.6,92.8,7.2,2.7,66.4,64.8,57.4,7.4,11.4,1.6,33.6,80.6,8.8,1.4,3.6,1.8,3.8,24.8,35.6,19.1,25.2,9.4,10.7,0.5,7.2,9.0,2.3,12.4,5.2,2.4,5.2,11.4,21.9,11.4,4.8,6.4,74.9,19.3,5.6,0.3,48062,81.0,26.9,3.6,1.0,20.5,12.7,57693,71.6,73171,5.4,42081,23.1,26494,25350,66.8,27.6,17.3,12.3,19.3,25.2,5.6,8.8,11.6,33.2,42.6,56.5,16.2,22.1,21.9,26.9,19.8,14.4,15.4,9.2,13.8,25.7,65.4,34.6,2.58,2.56,67.2,6.4,16.1,10.4,26.7,17.7,17.1,25.3,8.2,4.9,7.0,93.0,18.1,81.0,0.6,0.3,252574,2.3,2.1,59.7,40.3,192900,1456,431,42.3,57.7,890,6.0
15,2010,"Chattanooga, TN-GA",530205,48.3,51.7,6.2,16.4,9.3,12.6,13.5,14.5,13.0,8.2,6.4,39.5,77.4,72.9,18.0,14.6,60.5,28.4,4.1,1.9,69.0,27.5,51.0,19.0,12.9,6.6,31.0,12.7,10.6,2.1,18.3,16.2,2.1,2.49,3.01,52.3,7.5,12.4,2.0,25.8,6.1,4.1,43.2,19.1,27.5,16.2,30.9,29.7,15.2,8.0,83.8,23.2,29.6,3.8,55.2,10.1,15.9,5.3,14.1,40.5,83.8,15.9,10.3,5.6,2.4,3.2,0.2,512702,17503,6421,11082,47.9,27.1,25.0,16.3,24.4,5.3,1.5,49.7,2.8,95.0,5.0,2.4,63.5,63.5,56.2,7.3,11.5,0.1,36.5,85.0,8.8,0.5,1.3,0.6,3.7,22.8,33.4,17.1,26.3,9.6,13.6,0.3,7.1,14.3,2.4,10.5,7.0,1.9,7.3,9.7,21.3,9.3,5.0,3.7,79.8,13.8,6.2,0.3,42288,76.6,33.2,5.1,2.1,18.5,14.7,54541,74.0,65983,7.3,40253,18.7,25180,23381,64.9,31.8,15.1,12.2,20.8,19.6,6.0,9.5,4.4,33.4,45.3,58.8,16.0,25.4,25.1,24.6,25.3,13.2,15.0,5.6,14.1,25.2,68.8,31.2,2.51,2.46,75.3,6.0,11.3,7.4,16.6,16.4,13.1,29.0,14.8,10.0,7.3,92.7,32.8,64.8,2.2,0.3,208995,2.7,2.3,70.5,29.5,142000,1142,347,51.1,48.9,688,4.6
16,2010,"Cincinnati-Middletown, OH-KY-IN",2133203,48.9,51.1,6.8,18.2,9.5,12.9,13.4,15.2,11.9,6.6,5.6,37.1,75.1,71.0,15.2,12.3,58.4,31.7,5.0,2.1,67.3,31.2,50.2,21.2,12.7,7.7,32.7,14.6,11.8,2.8,18.1,15.6,2.5,2.57,3.14,50.4,5.9,11.1,2.0,30.6,6.6,5.3,41.0,20.0,27.1,11.8,31.5,27.4,18.6,10.6,88.2,29.3,34.5,3.4,51.4,9.7,11.9,3.9,10.5,36.5,85.3,14.4,8.9,5.5,3.4,2.1,0.3,2042418,90785,40216,50569,47.0,21.4,31.6,22.5,37.9,12.0,0.7,23.7,3.2,94.2,5.8,2.2,66.4,66.4,59.6,6.8,10.3,0.0,33.6,84.1,7.9,2.1,2.0,0.5,3.4,24.2,37.1,17.2,26.3,6.6,12.8,0.4,4.9,14.7,2.9,12.1,5.0,1.8,7.2,10.6,23.3,8.9,4.4,3.8,83.5,11.7,4.8,0.1,51572,79.0,27.6,4.3,2.9,18.3,11.4,64618,74.7,77653,6.5,40243,18.9,28335,26639,72.8,26.1,11.6,10.2,16.3,17.5,4.0,5.6,4.9,32.5,43.0,52.1,14.0,19.7,19.5,24.9,17.4,12.0,13.0,7.2,11.3,26.4,68.9,31.1,2.68,2.34,73.6,7.8,15.4,3.1,12.8,15.6,10.7,25.2,18.9,16.8,7.5,92.5,60.9,32.2,6.4,0.4,811494,2.0,1.8,69.3,30.7,155500,1380,457,48.6,51.4,710,4.2
17,2010,"Cleveland-Elyria-Mentor, OH",2075758,48.0,52.0,5.8,17.3,8.3,11.8,12.7,15.8,13.2,7.6,7.6,40.7,76.9,73.2,18.6,15.2,59.7,30.1,4.6,2.3,63.3,27.1,44.1,16.8,15.1,8.5,36.7,17.0,14.3,2.7,19.6,17.2,2.4,2.41,3.06,46.2,7.1,11.8,1.9,33.0,6.3,4.4,40.4,22.8,26.1,11.2,31.0,30.1,17.2,10.5,88.8,27.7,46.0,3.1,42.4,9.8,13.0,4.6,10.7,36.2,86.3,13.4,10.0,3.4,2.2,1.2,0.3,1952721,123037,73401,49636,31.5,23.5,45.1,46.2,32.7,3.6,0.3,14.3,3.0,89.9,10.1,3.4,65.2,65.2,57.6,7.5,11.6,0.0,34.8,82.3,7.2,3.6,2.2,1.1,3.7,24.5,36.5,18.2,25.6,6.8,12.9,0.3,4.8,14.1,2.8,10.9,4.6,1.9,7.4,10.1,25.8,8.5,4.6,4.1,82.3,13.3,4.3,0.1,46231,76.3,29.1,5.4,3.5,18.9,14.0,59611,69.7,74713,6.4,39252,23.9,29138,25668,69.8,31.1,11.5,11.7,19.8,22.2,4.4,6.3,5.0,31.9,43.1,47.8,15.1,23.9,23.5,28.9,21.6,12.5,13.6,7.9,13.1,23.2,67.6,32.4,2.50,2.22,73.8,8.2,16.9,1.1,7.1,9.2,7.1,26.6,27.9,22.0,10.3,89.7,83.8,12.7,2.9,0.5,840929,2.2,0.9,64.4,35.6,146700,1365,477,47.8,52.2,714,4.9
18,2010,"Colorado Springs, CO",648943,49.9,50.1,7.1,18.7,10.7,14.0,13.0,15.1,11.2,5.8,4.3,34.5,74.2,69.6,13.3,10.1,58.7,31.4,5.2,1.8,67.6,32.3,52.2,22.8,11.6,7.5,32.4,15.4,12.2,3.1,17.1,14.5,2.6,2.59,3.16,53.4,4.3,12.3,2.1,27.9,4.8,4.9,40.3,19.9,30.1,7.1,22.2,36.6,21.1,13.0,92.9,34.1,24.0,2.8,36.1,17.7,11.2,3.4,11.0,32.3,78.5,19.8,11.1,8.7,1.4,7.3,1.7,604441,44502,20983,23519,36.4,26.1,37.5,24.8,25.3,2.4,1.2,37.7,8.6,89.3,10.7,3.8,69.2,64.1,57.3,6.8,10.6,5.1,30.8,77.6,9.1,0.9,4.8,1.6,6.0,21.8,39.4,18.5,23.5,8.2,10.3,0.5,6.8,7.3,1.5,11.8,4.0,2.6,6.0,13.6,21.9,11.5,6.0,6.5,76.3,17.4,6.2,0.1,51683,82.3,22.4,3.3,2.1,19.9,8.8,65036,77.2,75987,5.5,42694,17.2,28835,26194,71.8,24.5,14.8,10.1,16.7,22.5,5.1,8.7,14.2,32.0,38.9,51.1,13.3,18.9,18.5,24.3,16.3,11.3,12.2,5.3,11.4,21.9,64.2,35.8,2.66,2.47,75.5,5.4,15.6,3.5,20.2,18.1,18.2,28.3,9.9,5.3,5.7,94.3,81.1,16.7,2.0,0.2,244194,3.0,2.3,63.0,37.0,214300,1491,369,48.3,51.7,807,3.7
19,2010,"Columbia, SC",770410,49.0,51.0,6.4,16.9,11.8,14.0,13.1,14.5,11.9,6.7,4.7,35.6,76.7,71.2,14.7,11.4,57.3,29.7,6.8,2.0,64.0,28.3,44.2,17.5,15.9,9.1,36.0,17.2,14.2,2.9,18.9,15.9,3.0,2.52,3.10,44.6,5.6,10.7,3.6,35.5,4.6,5.0,38.1,19.4,32.9,12.7,26.9,30.6,18.6,11.2,87.3,29.8,45.7,3.0,56.3,11.9,12.3,3.4,11.1,37.9,81.3,18.2,9.8,8.4,5.0,3.4,0.5,734123,36287,13113,23174,52.0,19.6,28.4,14.3,27.6,5.0,1.0,49.8,2.3,92.8,7.2,2.8,66.0,64.1,56.7,7.4,11.5,1.9,34.0,81.9,8.2,0.5,1.2,3.1,5.1,23.4,36.5,17.1,25.7,10.1,10.6,1.1,6.3,9.1,2.5,11.9,4.5,1.9,7.8,9.3,23.7,8.8,4.7,8.2,72.8,22.1,5.0,0.1,45929,81.1,26.4,3.4,1.8,19.4,12.4,56850,69.2,71049,6.0,38828,24.8,30148,23774,68.3,27.3,14.8,11.1,17.7,20.1,5.2,8.0,4.9,27.0,34.5,44.4,16.2,21.5,21.2,27.8,18.7,14.5,15.3,9.9,12.8,28.7,67.4,32.6,2.54,2.46,68.0,4.3,13.7,14.0,23.1,20.8,14.7,26.7,10.8,3.9,6.6,93.4,31.2,66.8,1.8,0.1,293357,2.3,1.1,69.0,31.0,137100,1181,359,46.0,54.0,763,5.3
20,2010,"Columbus, OH",1840631,48.9,51.1,6.9,17.8,10.3,14.7,14.1,14.4,11.0,5.9,4.7,35.2,75.3,70.8,13.4,10.6,57.9,30.0,7.1,2.9,63.9,31.2,46.8,20.7,12.9,8.2,36.1,16.7,12.4,4.3,19.4,16.0,3.4,2.53,3.12,48.1,5.2,11.6,1.9,33.2,6.0,5.1,39.4,19.6,30.0,10.2,29.4,27.8,21.4,11.1,89.8,32.5,41.0,3.2,42.6,8.7,11.5,5.3,10.1,34.9,81.9,17.6,11.7,6.0,4.3,1.6,0.4,1708271,132360,51574,80786,53.0,24.1,22.8,11.1,39.1,21.2,0.3,26.1,2.2,90.8,9.2,3.7,69.1,69.0,62.0,7.1,10.2,0.1,30.9,82.4,8.0,1.7,2.3,1.1,4.6,22.7,38.6,16.4,27.0,6.6,11.5,0.6,4.8,8.9,3.2,12.6,5.3,2.1,9.6,10.5,23.9,8.5,4.4,5.6,79.1,15.4,5.4,0.2,51039,81.6,23.4,4.8,3.0,17.2,14.1,63908,73.3,78161,6.4,37567,20.2,28169,26527,70.8,26.5,12.0,11.6,17.1,20.7,4.7,5.9,3.9,33.4,40.9,51.8,15.7,20.7,20.5,26.5,18.1,14.1,15.1,7.4,12.8,26.7,63.0,37.0,2.61,2.41,71.3,9.3,17.3,2.1,15.7,18.2,12.0,25.9,15.8,12.4,7.3,92.7,75.9,21.1,2.9,0.1,707956,2.6,2.1,67.9,32.1,163500,1428,461,48.8,51.2,758,5.8
21,2010,"Dallas-Fort Worth-Arlington, TX",6402922,49.3,50.7,7.8,20.0,9.4,15.0,14.9,14.2,9.9,5.2,3.7,33.5,72.2,68.1,11.4,8.8,54.2,33.0,4.9,2.0,69.1,35.5,50.2,24.6,13.9,8.5,30.9,15.0,11.7,3.3,15.9,13.7,2.2,2.77,3.36,50.9,4.5,11.1,2.6,30.9,6.1,6.1,43.7,20.4,23.8,16.4,23.3,29.2,21.1,10.0,83.6,31.1,32.7,4.6,40.6,8.1,9.2,3.5,8.1,36.1,82.6,16.9,10.8,6.0,4.2,1.8,0.5,5279731,1123191,353652,769539,38.4,33.3,28.3,4.6,24.1,5.7,0.2,64.4,1.0,70.3,29.7,13.3,69.9,69.8,63.5,6.3,9.1,0.1,30.1,81.3,10.1,1.4,1.2,1.5,4.6,26.5,37.0,15.7,25.9,9.9,11.6,1.2,7.5,10.7,3.0,11.1,6.0,2.7,9.2,12.2,19.2,8.6,5.2,3.5,81.5,12.1,6.3,0.1,54449,86.1,19.8,3.6,1.8,11.6,9.2,63511,72.6,79222,7.4,41698,20.0,31886,27016,61.9,22.3,22.6,11.2,16.6,14.0,6.2,9.1,6.7,28.4,36.2,36.2,14.6,21.2,21.0,23.0,20.2,12.0,12.6,8.0,13.3,21.5,61.7,38.3,2.92,2.53,69.0,4.2,23.1,3.6,24.4,16.7,20.0,24.6,11.0,3.2,5.0,95.0,39.6,60.0,0.3,0.2,2274493,2.0,4.6,67.2,32.8,150400,1542,538,50.6,49.4,855,4.7
22,2010,"Dayton, OH",841310,48.5,51.5,6.0,16.9,10.1,12.1,12.0,15.0,12.9,7.9,7.1,39.3,77.1,72.6,18.5,15.0,61.2,29.1,4.7,2.3,63.2,26.2,45.3,16.5,13.5,7.4,36.8,17.0,14.2,2.9,19.8,17.7,2.1,2.37,3.00,47.9,7.0,11.7,2.2,31.2,6.1,3.7,36.8,18.7,34.8,11.0,32.3,32.3,14.4,10.0,89.0,24.4,45.6,2.7,50.1,11.9,14.2,5.0,12.5,35.8,85.4,14.3,9.5,4.7,2.7,2.0,0.3,811832,29478,13292,16186,43.9,22.9,33.3,17.5,48.3,7.0,1.0,22.6,3.6,95.2,4.8,1.5,62.7,61.8,54.8,7.0,11.3,1.0,37.3,83.5,8.2,1.5,2.7,1.1,3.0,20.9,34.6,18.5,25.1,7.2,14.5,0.6,4.9,13.1,2.4,12.3,4.3,2.3,5.3,9.7,25.8,9.0,4.3,6.0,78.7,16.3,4.9,0.1,43832,74.6,30.7,5.0,3.5,24.7,12.9,54415,71.6,67081,7.0,36073,21.4,27537,23586,69.4,31.8,12.3,11.9,20.9,25.8,5.0,8.1,4.4,32.0,44.1,48.9,16.3,25.0,24.5,30.4,22.4,13.7,14.9,8.7,13.6,26.8,65.8,34.2,2.43,2.27,77.7,8.6,12.5,1.2,8.0,10.2,9.0,33.6,23.8,15.4,7.9,92.1,69.4,26.0,4.2,0.4,342919,2.3,0.8,67.7,32.3,125600,1212,451,48.3,51.7,705,4.9
23,2010,"Deltona-Daytona Beach-Ormond Beach, FL",494527,48.9,51.1,4.9,13.9,9.4,10.0,11.3,15.0,14.4,11.0,10.2,45.3,81.2,76.6,25.5,21.2,59.3,26.5,6.4,2.1,63.0,20.1,49.2,13.0,10.0,5.2,37.0,17.1,13.6,3.4,19.9,17.7,2.3,2.51,3.14,47.5,7.3,14.8,2.2,28.3,3.9,3.1,39.4,18.6,35.0,12.9,31.9,34.3,13.1,7.8,87.1,20.9,34.4,3.0,52.5,13.7,14.4,3.6,11.7,31.9,86.1,13.4,7.7,5.7,2.8,3.0,0.4,458534,35993,18987,17006,29.7,23.6,46.7,25.0,18.2,2.8,0.8,46.1,7.1,86.8,13.2,4.8,53.7,53.6,46.8,6.9,12.8,0.0,46.3,83.1,6.6,0.9,2.0,2.7,4.6,24.7,28.8,21.9,29.2,11.1,9.1,1.5,7.4,5.8,2.9,16.3,4.3,2.4,6.6,10.1,21.1,10.6,6.2,4.6,82.3,10.0,7.6,0.2,41556,65.7,42.0,4.1,1.2,23.2,12.7,53202,78.0,61476,6.1,38563,15.8,27347,22459,60.8,35.9,20.0,10.3,19.2,19.8,4.7,8.1,,32.3,43.2,51.5,16.3,26.7,26.3,33.5,23.7,13.9,16.4,6.8,12.7,29.7,74.7,25.3,2.48,2.61,76.0,3.2,12.2,8.6,20.3,16.2,25.3,27.2,8.0,2.9,6.9,93.1,5.1,93.1,1.4,0.4,190757,2.8,1.4,54.8,45.2,151600,1332,441,43.8,56.2,876,3.4
24,2010,"Denver-Aurora-Broomfield, CO",2560529,49.7,50.3,7.1,17.8,8.6,15.4,14.8,14.7,11.6,5.7,4.4,35.8,75.1,71.7,12.9,10.1,58.6,29.5,5.9,2.4,63.7,30.7,47.8,21.5,10.8,6.5,36.3,17.3,13.5,3.8,19.0,15.7,3.3,2.52,3.16,51.0,4.3,11.9,1.8,31.1,6.9,5.4,42.0,20.0,25.7,11.2,22.0,28.5,25.0,13.2,88.8,38.2,26.9,3.2,35.2,9.1,9.0,3.1,7.4,34.9,81.4,18.0,9.0,9.0,6.1,3.0,0.6,2245550,314979,114056,200923,39.3,30.9,29.8,12.9,23.0,6.2,0.5,54.3,3.1,79.5,20.5,9.0,71.4,71.2,64.1,7.0,9.9,0.2,28.6,76.3,9.6,4.1,1.9,1.9,6.2,26.5,40.7,15.7,26.2,8.6,8.8,1.2,7.7,7.1,3.2,11.1,4.8,3.9,8.4,14.6,18.6,9.7,5.0,4.7,80.4,12.9,6.6,0.1,58732,83.9,20.2,3.6,2.2,14.0,7.4,73198,75.1,86180,7.9,50817,17.0,34898,30891,70.3,22.5,15.8,9.0,13.9,16.3,4.5,6.1,6.4,25.8,34.9,47.3,12.5,16.7,16.4,20.9,14.6,11.1,11.5,8.7,10.2,21.5,64.8,35.2,2.62,2.36,68.7,4.3,25.1,1.9,18.0,15.6,15.4,31.0,12.9,7.1,6.7,93.3,79.3,19.2,1.3,0.3,1001253,2.0,3.0,63.9,36.1,245900,1679,420,48.5,51.5,879,2.5
25,2010,"Des Moines-West Des Moines, IA",570358,49.5,50.5,7.6,18.4,8.9,14.9,14.0,14.0,11.2,6.0,5.2,35.2,74.0,70.6,14.2,11.1,60.1,30.4,5.5,2.6,65.8,31.4,50.6,22.0,11.0,7.3,34.2,15.7,12.5,3.2,18.4,15.3,3.1,2.50,3.07,53.6,5.1,11.0,1.8,28.5,7.4,5.5,44.0,20.4,22.7,8.4,28.8,30.8,22.5,9.4,91.6,32.0,28.6,2.4,38.5,8.9,9.8,3.2,9.0,30.4,83.4,15.9,10.3,5.6,3.5,2.1,0.7,527843,42515,16515,26000,47.7,30.0,22.3,18.2,28.6,10.6,0.5,38.4,3.6,88.6,11.4,5.6,73.4,73.3,68.7,4.6,6.3,0.1,26.6,81.7,10.0,1.2,1.6,0.9,4.7,20.2,38.3,16.6,26.3,8.2,10.6,1.9,6.3,7.9,3.0,10.8,4.2,2.3,17.5,9.0,20.6,8.1,4.4,4.2,82.2,12.4,5.4,0.0,54685,84.6,24.0,3.7,2.5,15.1,10.3,68600,76.9,80344,6.4,45640,16.7,33970,27830,77.7,25.3,9.1,6.8,11.4,16.0,3.0,4.6,5.1,23.1,30.2,53.5,9.9,13.5,13.4,18.3,11.4,8.7,9.5,4.0,8.0,18.3,72.2,27.8,2.62,2.19,76.0,3.6,17.4,3.0,19.5,14.4,10.5,22.7,14.7,18.3,5.3,94.7,76.5,21.1,1.6,0.8,223767,2.3,1.7,72.2,27.8,151900,1344,447,54.1,45.9,718,1.6
26,2010,"Detroit-Warren-Livonia, MI",4291843,48.5,51.5,6.0,18.2,8.6,11.8,13.8,15.7,12.6,6.9,6.3,39.3,75.8,71.7,16.5,13.3,56.8,32.5,4.4,1.9,65.3,29.4,45.9,19.2,14.7,8.0,34.7,15.8,13.3,2.5,18.9,16.8,2.1,2.57,3.23,46.8,6.7,11.7,1.6,33.2,5.2,4.6,40.0,22.6,27.7,11.9,28.4,32.5,16.8,10.5,88.1,27.3,42.2,3.3,38.4,8.3,13.7,5.0,12.0,38.3,85.7,13.8,9.8,3.9,3.1,0.9,0.5,3924472,367371,191960,175411,35.5,29.3,35.2,25.2,50.4,3.1,0.4,14.5,6.4,88.4,11.6,4.2,63.1,63.1,52.4,10.7,17.0,0.0,36.9,84.6,8.5,1.5,1.4,1.0,3.0,26.1,36.7,18.3,25.6,6.9,12.5,0.4,4.3,16.9,2.6,11.4,4.2,1.8,6.5,10.7,23.5,9.4,4.6,3.7,84.4,11.1,4.4,0.1,48198,73.7,30.6,5.5,4.0,22.3,16.5,60602,70.3,75078,7.2,40859,22.5,29034,25403,67.9,32.3,13.1,12.3,19.7,21.4,5.7,9.0,7.6,31.0,41.6,47.5,16.6,23.8,23.5,27.6,22.2,14.3,15.4,9.1,14.5,26.0,71.2,28.8,2.64,2.38,78.0,4.7,14.4,2.9,8.9,12.1,9.5,27.6,30.2,11.8,9.0,91.0,91.5,6.5,1.7,0.3,1655395,2.6,1.7,62.3,37.7,124400,1425,496,43.4,56.6,793,9.1
27,2010,"Durham-Chapel Hill, NC",505933,47.9,52.1,6.2,15.8,12.5,15.1,14.0,13.7,11.4,6.6,4.8,35.3,78.0,71.9,14.4,11.4,60.0,27.1,7.6,2.7,62.0,26.8,44.2,17.4,13.7,7.5,38.0,16.0,11.8,4.2,22.0,17.6,4.3,2.40,2.97,45.2,5.0,9.3,2.7,37.8,5.5,4.3,32.3,16.2,41.7,13.3,21.1,22.8,23.4,19.5,86.7,42.9,40.1,2.6,63.1,7.1,11.3,4.0,9.9,34.3,79.5,19.5,10.4,9.1,5.4,3.7,1.1,443032,62901,18908,43993,48.5,32.6,18.9,8.7,26.8,7.3,0.3,53.2,3.7,83.4,16.6,7.9,65.0,64.9,57.8,7.1,10.9,0.1,35.0,75.1,10.8,4.0,3.7,1.7,4.7,22.4,48.0,16.6,20.1,8.3,7.0,1.2,6.8,6.1,2.2,8.4,3.0,1.7,5.2,12.9,34.0,9.2,5.5,3.8,74.1,19.5,6.4,0.0,47982,82.0,23.1,3.7,2.5,17.4,10.9,63671,71.3,79807,6.6,36344,22.2,29455,27180,67.2,25.6,16.7,12.5,20.6,23.2,4.8,8.3,9.0,34.4,44.7,50.0,18.9,24.9,24.4,27.8,23.0,17.2,18.7,8.2,14.6,32.6,60.7,39.3,2.47,2.30,67.1,4.8,21.9,6.2,21.9,20.0,18.0,23.8,11.3,4.9,8.1,91.9,42.4,53.4,4.1,0.1,198793,2.2,2.7,67.4,32.6,190000,1434,426,45.9,54.1,787,7.1
28,2010,"El Paso, TX",804338,48.5,51.5,8.0,22.0,11.2,13.1,13.1,12.9,9.5,5.5,4.8,31.6,70.0,64.7,12.7,10.3,47.1,38.4,2.9,1.2,75.9,39.7,50.1,25.9,20.7,11.4,24.1,11.9,10.4,1.6,12.2,10.9,1.3,3.19,3.76,48.0,5.5,10.5,3.7,32.4,5.8,5.4,41.0,21.4,26.4,27.3,24.1,29.0,13.0,6.6,72.7,19.6,34.1,8.3,45.7,8.8,12.1,3.3,11.0,43.9,83.4,14.9,10.5,4.4,1.2,3.1,1.7,593816,210522,89370,121152,23.7,21.1,55.1,1.4,3.3,0.1,0.0,94.8,0.3,25.8,74.2,31.3,58.9,56.9,51.6,5.2,9.2,2.0,41.1,79.4,11.2,1.8,1.7,3.1,2.8,22.5,28.4,21.5,27.4,9.4,13.3,0.8,6.8,7.2,2.6,13.2,6.6,3.1,4.5,9.7,24.5,8.4,4.9,7.7,73.3,21.0,5.8,0.0,36015,79.7,27.9,6.7,5.6,13.6,23.3,39482,65.9,48532,6.8,30925,27.3,23929,16835,43.4,33.0,30.0,20.7,27.8,25.0,13.5,17.3,14.6,37.5,49.6,46.1,24.3,33.4,33.2,33.9,32.9,20.3,20.6,19.0,23.3,32.8,63.0,37.0,3.28,3.03,71.4,6.5,15.4,6.8,19.5,15.9,16.5,28.7,14.5,4.9,8.2,91.8,85.3,14.3,0.2,0.2,248770,3.8,6.9,61.6,38.4,108200,1080,331,48.4,51.6,666,0.9
29,2010,"Fresno, CA",933248,49.9,50.1,8.4,21.4,11.6,14.2,12.3,12.3,9.6,5.3,4.8,30.6,70.1,64.9,12.7,10.1,46.7,37.6,5.8,2.0,73.4,39.5,50.6,25.6,16.2,9.8,26.6,12.4,9.3,3.1,14.2,11.6,2.6,3.23,3.78,47.2,5.1,8.8,2.5,36.4,4.7,5.6,40.6,22.9,26.2,26.2,22.4,31.3,13.5,6.6,73.8,20.1,37.0,6.3,22.8,7.1,10.8,3.4,9.7,40.2,84.3,15.2,12.9,2.3,1.6,0.7,0.5,728684,204564,68110,136454,27.7,27.5,44.7,2.9,24.0,1.2,0.2,71.2,0.5,56.9,43.1,18.5,62.4,62.3,52.9,9.5,15.2,0.0,37.6,77.2,10.2,1.4,2.7,4.4,4.1,22.3,28.3,19.2,25.3,15.7,11.5,9.9,5.5,6.2,3.7,12.2,4.7,1.2,5.8,9.2,22.3,8.4,4.7,6.2,75.2,18.2,6.5,0.2,45221,79.6,25.3,8.8,7.7,15.2,17.3,51340,69.0,63681,9.0,37227,22.0,26377,19083,49.3,39.0,20.1,21.8,32.1,30.5,14.9,22.6,19.2,40.2,52.7,51.7,26.8,38.7,38.5,42.5,36.9,21.8,23.4,11.8,25.2,36.7,54.2,45.8,3.16,3.32,71.3,8.9,15.6,4.2,15.4,14.5,15.3,29.7,18.2,6.9,10.0,90.0,61.6,34.6,3.1,0.7,284690,3.1,11.2,57.6,42.4,212500,1570,399,43.0,57.0,825,6.8
30,2010,"Grand Rapids-Wyoming, MI",774540,49.7,50.3,7.1,18.7,10.0,13.4,12.9,14.7,11.4,6.2,5.6,35.5,74.2,70.1,14.7,11.7,58.9,31.6,5.7,2.3,68.2,31.5,51.6,21.4,12.5,7.7,31.8,14.8,11.1,3.7,17.0,14.3,2.7,2.57,3.09,52.0,5.2,10.4,1.3,31.2,6.7,5.5,40.9,21.4,25.4,11.2,30.6,32.0,17.5,8.7,88.8,26.2,32.5,2.5,42.7,8.9,11.1,4.2,9.3,35.9,85.3,14.3,10.4,3.9,3.0,0.9,0.3,731919,42621,17653,24968,34.5,37.0,28.5,16.6,26.1,6.7,0.2,46.1,4.2,91.2,8.8,4.0,66.0,66.0,58.1,7.9,12.0,0.0,34.0,83.4,7.9,1.5,2.3,0.7,4.2,22.0,33.4,16.8,25.4,8.5,15.9,1.3,5.5,18.0,4.1,11.6,3.4,1.8,6.4,9.6,21.9,7.9,5.6,2.7,85.1,9.2,5.6,0.1,47040,78.8,27.9,5.6,6.0,17.2,16.3,56064,75.7,66156,6.0,43033,18.4,25493,22682,70.4,30.7,11.8,12.0,20.3,22.1,5.1,9.4,9.9,38.9,48.0,55.8,16.4,23.8,23.3,27.8,21.6,13.7,15.2,6.0,14.0,27.1,73.0,27.0,2.67,2.32,74.1,6.5,13.4,5.9,12.5,15.7,12.0,24.7,17.6,17.4,7.2,92.8,86.5,5.2,7.8,0.5,292388,2.8,1.7,65.1,34.9,136800,1263,442,48.2,51.8,698,2.2
31,2010,"Greensboro-High Point, NC",725282,47.9,52.1,6.2,17.2,10.4,12.6,13.8,14.3,12.2,7.2,6.0,37.8,76.6,71.7,17.0,13.2,58.3,30.2,5.3,2.0,65.2,29.4,46.0,18.3,14.8,8.5,34.8,14.6,11.7,3.0,20.1,17.6,2.5,2.50,3.10,47.5,6.2,10.2,3.2,32.9,4.3,4.5,40.1,20.0,31.1,15.2,29.8,29.4,17.5,8.1,84.8,25.6,24.9,3.3,46.7,9.0,11.9,3.3,10.4,35.1,86.9,12.7,8.0,4.7,2.8,1.9,0.4,663441,61841,19357,42484,47.5,31.6,21.0,8.0,26.9,13.1,0.3,50.0,1.7,88.4,11.6,5.2,65.0,64.9,56.8,8.2,12.6,0.1,35.0,84.0,9.6,1.3,1.5,0.7,3.0,21.9,31.5,17.7,26.5,9.1,15.1,0.8,5.6,17.3,3.7,12.1,4.3,1.6,6.7,9.1,21.9,9.0,4.9,2.9,82.3,11.9,5.7,0.1,41120,77.5,29.6,4.6,4.4,17.2,14.0,51241,70.5,62703,6.8,32313,22.7,25165,22427,62.8,31.0,16.5,13.9,22.3,22.5,6.1,9.3,8.3,34.7,45.0,52.9,18.1,27.4,27.1,31.5,25.5,15.2,16.6,8.2,15.8,27.7,65.1,34.9,2.56,2.41,71.5,4.5,15.4,8.7,16.6,20.1,16.4,26.5,14.8,5.7,6.7,93.3,41.6,51.5,6.5,0.3,282554,3.0,2.7,64.6,35.4,141100,1194,355,47.7,52.3,680,4.3
32,2010,"Greenville-Mauldin-Easley, SC",638576,48.7,51.3,6.7,16.7,11.0,12.8,13.5,14.1,11.9,7.6,5.7,37.1,76.6,71.3,16.5,13.3,57.5,30.6,5.0,1.9,65.3,27.1,47.4,17.8,13.4,7.5,34.7,16.1,12.9,3.2,18.6,16.6,2.0,2.56,3.20,47.9,6.9,10.8,2.6,31.8,6.8,6.0,37.6,20.1,29.5,16.7,27.9,28.5,17.3,9.5,83.3,26.9,35.0,3.9,47.1,9.9,13.5,3.6,11.6,40.1,83.9,15.8,9.2,6.6,3.2,3.3,0.3,595485,43091,12188,30903,54.2,24.0,21.8,14.5,22.7,5.0,0.0,55.2,2.5,90.0,10.0,4.3,62.5,62.5,55.4,7.1,11.4,0.0,37.5,84.8,8.8,0.3,2.3,0.8,3.1,22.1,34.7,17.6,23.9,9.4,14.3,0.6,7.9,16.1,3.8,10.7,3.7,1.8,5.2,10.6,21.8,10.3,4.6,3.0,83.8,11.1,5.0,0.0,42640,75.9,31.5,4.4,1.8,17.5,11.6,54526,72.7,67165,6.8,34814,20.6,24889,23163,66.0,29.0,16.6,12.3,19.5,23.0,6.0,7.7,8.5,33.3,42.5,43.7,15.8,22.0,21.8,27.9,19.3,13.9,15.3,7.1,13.5,26.0,68.2,31.8,2.63,2.41,68.7,4.6,13.1,13.6,20.9,22.0,14.1,26.0,12.2,4.8,6.8,93.2,40.1,55.7,3.9,0.3,241533,2.9,1.6,67.7,32.3,142600,1160,320,49.8,50.2,692,4.6
33,2010,"Harrisburg-Carlisle, PA",550076,48.7,51.3,5.8,16.3,9.8,12.3,12.8,15.2,13.2,7.5,7.1,39.7,77.9,73.0,18.3,14.6,61.6,28.4,5.0,2.3,63.9,26.9,46.8,16.9,12.3,7.2,36.1,16.0,13.3,2.7,20.1,17.5,2.6,2.38,2.98,48.6,7.2,10.2,2.5,31.6,5.3,5.8,37.9,20.8,30.2,10.3,36.5,24.5,17.6,11.2,89.7,28.7,33.5,2.5,35.8,11.6,11.8,4.3,9.1,35.5,84.4,15.2,8.5,6.7,4.9,1.7,0.4,524299,25777,11916,13861,41.2,28.1,30.7,17.2,46.7,8.9,0.9,22.2,4.2,91.6,8.4,2.9,65.5,65.2,60.8,4.4,6.8,0.3,34.5,81.8,9.0,1.8,3.3,0.9,3.2,22.0,37.0,15.2,26.9,8.5,12.4,1.1,6.1,8.3,3.6,11.6,6.1,1.1,8.2,9.5,22.9,7.8,4.0,9.5,76.4,18.1,5.3,0.1,54009,77.8,30.4,4.3,2.5,24.5,9.0,66619,73.2,80033,7.6,45359,19.2,34909,27953,77.1,27.5,9.2,7.7,14.4,11.9,2.7,4.4,6.0,25.3,35.5,30.6,10.9,17.6,17.4,17.7,17.3,8.9,9.7,5.7,9.0,18.3,70.2,29.8,2.49,2.13,75.6,7.1,12.5,4.9,10.8,10.9,12.5,27.9,18.3,19.6,8.4,91.6,33.4,33.8,32.6,0.2,221667,1.6,0.9,68.7,31.3,168100,1388,474,56.9,43.1,788,3.5
34,2010,"Hartford-West Hartford-East Hartford, CT",1212956,48.6,51.4,5.4,16.8,9.6,11.8,13.4,16.1,12.6,7.2,7.1,40.1,77.8,73.3,18.0,14.3,59.7,29.3,5.5,2.8,65.2,29.7,46.8,19.5,14.0,8.2,34.8,15.2,11.8,3.4,19.7,16.5,3.2,2.46,3.03,47.1,6.2,11.4,1.4,33.8,6.2,4.7,37.1,21.4,30.6,11.0,28.1,26.3,20.2,14.4,89.0,34.6,37.7,3.0,36.6,8.1,10.7,3.7,8.2,33.6,87.3,12.2,7.6,4.6,2.6,1.9,0.5,1058114,154842,79169,75673,35.9,25.4,38.7,31.9,23.7,4.4,0.3,35.2,4.5,79.0,21.0,8.0,68.2,68.1,61.0,7.1,10.4,0.1,31.8,81.5,7.9,3.1,3.0,1.3,3.2,22.7,41.6,16.9,24.7,7.1,9.7,0.4,5.3,10.9,2.4,10.7,3.9,2.5,10.9,9.9,25.8,8.2,4.2,4.9,78.6,15.8,5.5,0.1,63104,79.5,28.8,4.3,4.0,19.0,10.5,80455,71.9,96858,6.7,62111,21.4,38893,32739,74.7,29.3,7.9,7.0,11.2,14.7,2.3,2.7,4.3,21.1,28.8,36.5,10.1,12.7,12.6,18.3,10.8,9.4,10.0,6.8,7.3,21.5,68.2,31.8,2.59,2.17,66.2,14.9,18.2,0.7,7.8,7.7,14.0,27.4,22.9,20.1,9.2,90.8,39.0,12.7,48.1,0.3,472161,1.0,1.7,64.1,35.9,258300,1896,722,48.5,51.5,919,4.5
35,2010,"Honolulu, HI",955775,50.0,50.0,6.4,15.6,10.4,13.9,13.1,13.8,12.1,7.3,7.4,38.0,78.0,73.7,17.8,14.7,50.7,28.3,6.4,1.8,68.7,27.8,50.8,21.3,12.3,4.8,31.3,14.8,10.7,4.0,16.5,13.2,3.2,2.98,3.60,49.4,6.4,9.4,1.3,33.6,5.9,5.1,36.6,19.5,32.9,10.1,27.0,31.1,21.2,10.7,89.9,31.9,25.4,6.5,20.1,12.3,9.9,3.8,7.2,30.5,84.4,13.9,8.7,5.2,0.6,4.6,1.7,761153,194622,113003,81619,31.9,20.9,47.2,4.1,80.3,0.6,9.9,3.8,1.3,71.3,28.7,13.9,67.2,62.9,58.9,4.0,6.4,4.4,32.8,64.8,14.0,8.6,5.1,3.9,3.6,26.5,34.9,20.5,26.9,9.5,8.2,0.8,6.9,3.2,2.6,11.6,6.0,1.6,7.2,9.1,23.0,13.4,4.5,10.1,70.0,24.0,5.9,0.1,68537,82.7,31.5,3.4,3.2,22.8,7.4,81177,73.9,90143,8.2,70463,17.9,47290,28629,79.7,28.1,6.6,5.8,8.9,10.2,2.9,3.3,4.8,17.8,27.8,35.7,9.1,11.0,10.6,13.8,9.3,8.5,9.1,5.9,5.8,24.6,56.1,43.9,3.17,2.73,57.9,8.0,34.0,0.1,10.7,12.9,12.6,44.2,15.5,4.1,10.4,89.6,3.1,36.2,1.2,59.4,309154,2.0,8.1,52.6,47.4,560500,2326,519,43.7,56.3,1363,2.0
36,2010,"Houston-Sugar Land-Baytown, TX",5977092,49.7,50.3,7.9,20.0,9.5,15.1,14.4,14.0,10.3,5.1,3.5,33.1,72.1,68.0,11.1,8.6,51.6,34.2,5.1,1.9,70.6,36.1,50.6,25.0,14.6,8.6,29.4,15.0,11.6,3.4,14.4,12.3,2.1,2.92,3.51,50.2,4.6,10.2,2.9,32.1,6.2,6.0,44.4,21.1,22.4,19.4,23.9,28.3,18.6,9.8,80.6,28.4,34.5,5.1,38.6,7.1,9.2,3.5,8.0,37.0,83.3,15.9,11.0,4.8,3.2,1.6,0.8,4645408,1331684,447667,884017,38.6,28.7,32.7,4.5,23.9,3.9,0.2,66.6,1.0,62.4,37.6,17.4,67.6,67.6,61.6,6.0,8.9,0.1,32.4,79.4,11.5,2.3,1.4,2.0,3.4,27.7,35.6,16.3,24.3,11.5,12.2,3.0,9.5,10.6,3.4,11.0,6.3,1.4,5.8,12.3,19.8,8.1,5.5,3.4,80.5,12.4,7.0,0.1,53942,86.5,19.8,3.9,1.6,10.9,10.5,62287,71.7,78677,7.6,42765,20.7,30812,26440,57.2,23.9,25.3,13.2,19.4,19.2,7.9,11.5,9.7,30.6,39.6,42.4,16.5,23.9,23.7,27.3,22.3,13.7,14.1,10.3,15.2,24.2,62.8,37.2,3.06,2.69,68.6,3.7,22.4,5.3,25.6,15.1,16.8,29.9,10.1,2.5,6.1,93.9,48.0,51.3,0.3,0.4,2022402,2.6,5.8,65.3,34.7,140800,1543,524,50.4,49.6,846,7.3
37,2010,"Jackson, MS",540140,47.7,52.3,7.3,18.6,10.0,14.0,12.9,14.2,11.7,6.3,5.0,35.1,74.1,69.3,14.6,11.4,54.5,32.7,4.2,2.1,69.2,31.5,45.1,18.3,18.7,10.5,30.8,13.7,11.4,2.3,17.2,15.2,1.9,2.67,3.25,45.0,6.0,11.7,2.6,34.7,7.1,5.4,39.4,20.4,27.8,14.6,24.7,32.4,17.5,10.8,85.4,28.3,49.0,5.6,47.4,8.4,12.5,3.9,10.8,41.8,86.0,13.7,8.8,4.9,3.4,1.5,0.3,527058,13082,3880,9202,52.9,27.3,19.8,6.5,39.5,5.9,0.6,46.6,0.9,96.3,3.7,1.7,63.6,63.5,57.5,6.0,9.4,0.1,36.4,85.6,8.6,0.3,1.4,1.1,3.1,23.4,36.0,18.6,24.6,9.3,11.5,1.3,6.5,7.2,3.1,11.0,5.7,2.7,5.8,7.6,28.0,8.1,5.1,7.8,71.0,23.2,5.6,0.2,42501,79.1,28.1,6.4,3.6,15.5,14.9,52268,65.2,71389,7.7,27140,27.1,29625,22525,59.9,32.5,17.1,14.5,22.5,20.0,5.0,7.1,5.0,33.5,41.9,39.9,17.9,26.5,26.2,27.3,25.7,14.8,15.9,8.3,16.1,26.9,68.2,31.8,2.71,2.57,73.8,4.9,12.3,9.0,19.8,19.0,16.6,30.5,11.0,3.0,5.9,94.1,50.6,48.1,1.2,0.1,197941,2.1,3.3,68.6,31.4,128200,1155,332,46.0,54.0,779,10.4
38,2010,"Jacksonville, FL",1350198,48.7,51.3,6.4,17.3,9.8,13.3,13.6,15.2,12.3,6.8,5.3,37.6,76.3,71.8,15.4,12.1,56.5,30.6,5.5,2.3,67.0,29.0,48.2,18.9,14.4,8.3,33.0,15.5,11.9,3.6,17.5,14.8,2.7,2.62,3.20,48.6,6.1,13.6,2.4,29.3,6.6,3.8,40.1,19.0,30.5,10.9,28.6,33.6,18.6,8.4,89.1,26.9,35.6,4.1,44.9,14.5,11.7,4.4,10.2,34.8,81.5,18.1,11.3,6.8,3.8,3.0,0.5,1244954,105244,58217,47027,35.5,27.0,37.5,20.8,33.9,5.8,0.1,36.2,3.2,89.0,11.0,3.7,65.4,64.0,56.5,7.6,11.8,1.4,34.6,82.5,8.9,1.0,1.4,1.6,4.5,24.8,34.9,18.0,29.1,8.6,9.4,0.3,6.2,5.9,2.8,13.1,6.7,1.8,11.0,11.2,21.5,9.0,4.6,5.8,80.7,14.4,4.8,0.1,50324,79.5,27.1,4.9,2.5,18.1,11.6,59506,72.0,73304,6.5,41649,21.6,30282,25758,67.2,28.2,15.9,11.0,17.8,17.5,4.8,7.3,7.1,29.9,38.8,41.0,15.3,21.5,21.2,24.3,20.0,13.3,14.2,8.4,12.7,26.7,66.8,33.2,2.69,2.49,71.1,4.6,16.6,7.6,24.8,18.4,18.7,22.0,12.3,3.8,6.6,93.4,4.3,93.8,1.3,0.5,503541,2.3,1.5,57.3,42.7,170900,1471,437,46.6,53.4,908,7.2
39,2010,"Kansas City, MO-KS",2035747,48.9,51.1,7.1,18.5,8.2,14.0,13.6,14.9,11.7,6.5,5.5,36.6,74.4,70.9,15.2,12.0,58.3,31.0,5.3,2.2,65.3,30.2,49.4,20.4,11.6,7.2,34.7,15.5,12.3,3.1,19.2,16.6,2.7,2.56,3.18,51.2,5.4,12.1,2.0,29.4,6.5,5.8,43.0,20.9,23.9,9.9,26.8,30.8,20.6,11.9,90.1,32.5,35.0,2.8,39.2,10.4,10.9,3.2,9.5,35.8,83.5,16.1,9.5,6.6,3.0,3.6,0.5,1909305,126442,46598,79844,44.0,30.5,25.5,9.9,27.9,9.2,1.1,50.2,1.7,90.5,9.5,4.2,69.2,69.0,63.0,6.0,8.6,0.2,30.8,83.7,8.5,1.2,1.4,1.1,4.1,22.5,38.0,16.6,26.4,7.4,11.7,0.7,5.9,9.8,3.5,11.4,5.3,3.1,8.4,12.1,21.8,8.7,4.7,4.7,81.2,13.3,5.4,0.1,53919,81.2,26.3,3.8,2.4,16.8,9.3,67035,75.7,79564,6.7,42818,17.7,30477,27377,73.5,23.8,13.3,8.8,14.5,16.1,3.4,5.1,4.9,29.0,37.1,40.3,12.4,17.7,17.3,20.9,16.0,10.5,11.2,6.9,10.3,21.5,67.8,32.2,2.67,2.34,77.7,6.1,14.0,2.2,15.6,14.4,13.7,27.9,17.2,11.1,6.6,93.4,75.3,23.3,1.3,0.1,785477,2.3,1.6,71.3,28.7,159200,1400,458,51.9,48.1,766,8.2
40,2010,"Knoxville, TN",699180,48.5,51.5,5.7,16.2,10.1,12.4,13.0,14.7,13.1,8.2,6.5,39.5,78.1,73.6,18.3,14.7,62.1,28.0,4.3,1.8,62.7,24.4,48.1,16.2,11.1,6.1,37.3,17.8,15.6,2.2,19.5,17.3,2.3,2.39,3.05,50.7,7.1,12.8,2.1,27.3,4.9,5.3,39.7,21.1,29.0,12.3,30.7,28.2,17.7,11.1,87.7,28.8,29.5,3.2,47.8,10.0,13.8,4.1,12.0,36.3,86.6,13.0,8.0,5.0,2.8,2.1,0.4,671199,27981,10233,17748,47.5,25.5,27.1,15.9,33.3,7.4,0.9,39.3,3.2,94.8,5.2,2.4,61.3,61.2,55.8,5.3,8.7,0.2,38.7,85.7,8.2,0.5,1.3,0.7,3.5,22.8,37.0,14.7,28.5,8.3,11.5,0.7,7.3,10.3,3.6,13.6,4.4,2.2,5.3,12.7,23.6,7.7,5.0,3.8,80.1,13.9,6.0,0.0,43114,74.8,30.6,5.0,3.3,20.6,13.1,57081,76.8,66737,5.5,28990,17.7,29478,24654,71.5,30.1,11.9,9.5,17.2,25.9,4.9,8.0,11.0,25.9,36.0,58.2,13.8,18.4,18.2,25.9,15.5,12.5,14.1,5.8,10.6,27.1,69.1,30.9,2.47,2.21,74.1,5.3,13.0,7.6,16.0,17.9,16.0,30.5,14.3,5.3,6.1,93.9,33.9,63.5,2.4,0.2,285762,2.9,1.0,69.5,30.5,151400,1164,335,49.1,50.9,690,5.0
41,2010,"Lakeland-Winter Haven, FL",602788,49.2,50.8,6.4,17.1,8.9,11.8,12.1,13.2,12.5,10.2,7.9,40.1,76.5,72.5,21.0,18.0,56.7,29.2,5.8,2.5,69.1,27.1,51.8,18.1,12.7,6.6,30.9,13.3,9.9,3.3,17.6,15.4,2.2,2.67,3.19,51.1,7.3,11.0,3.1,27.5,5.4,5.5,46.2,20.2,22.7,18.4,36.0,27.6,12.6,5.3,81.6,17.9,38.4,4.6,41.1,11.3,14.5,4.8,12.3,34.5,83.5,16.0,10.6,5.4,2.6,2.8,0.5,538240,64548,24375,40173,40.8,22.3,36.9,12.9,12.6,3.0,0.1,67.2,4.2,81.0,19.0,8.1,58.2,58.1,49.8,8.3,14.3,0.1,41.8,81.6,11.8,0.8,1.2,1.3,3.3,25.3,29.7,18.8,26.0,10.8,14.6,2.0,7.4,6.7,4.1,14.4,5.8,1.3,5.8,9.2,21.5,13.9,3.7,4.5,81.1,13.5,5.3,0.0,41174,71.1,38.0,5.6,2.4,20.2,13.6,47956,75.0,53288,6.7,32062,18.4,29252,20124,56.1,36.7,20.0,13.3,23.1,32.7,7.8,14.4,17.3,30.5,37.2,52.2,17.5,28.7,28.4,35.6,25.8,14.0,15.8,8.3,15.8,25.6,71.1,28.9,2.60,2.84,64.2,5.4,8.3,22.2,24.3,18.7,19.7,24.8,8.9,3.6,6.2,93.8,4.2,94.9,0.3,0.6,221073,3.4,3.5,57.9,42.1,119100,1265,403,40.5,59.5,828,5.1
42,2010,"Lancaster, PA",520156,48.9,51.1,6.7,18.0,10.0,11.3,12.5,14.4,11.9,7.6,7.6,38.1,75.3,70.7,18.2,15.2,60.8,31.2,4.0,2.0,70.4,32.1,58.9,25.1,8.3,5.4,29.6,12.9,9.7,3.2,16.7,14.7,2.0,2.61,3.14,57.3,6.2,7.4,1.5,27.5,6.6,3.8,43.9,20.2,25.5,15.9,38.5,21.5,15.5,8.6,84.1,24.1,25.3,3.2,30.4,8.4,10.8,4.6,8.0,32.8,89.6,9.8,6.6,3.2,1.9,1.3,0.5,495525,24631,12725,11906,38.7,25.9,35.4,22.2,30.7,5.0,0.0,36.6,5.5,84.9,15.1,5.2,66.8,66.8,61.5,5.3,7.9,0.1,33.2,78.6,9.5,1.4,3.6,2.1,4.8,22.2,31.9,15.1,24.2,10.7,18.0,3.0,8.0,17.0,4.2,12.6,4.2,1.4,5.7,7.1,22.0,7.1,4.8,2.9,84.2,8.6,7.2,0.1,51740,79.4,29.5,3.7,3.2,16.1,9.0,61760,83.7,68068,4.5,38232,11.8,28542,24871,71.6,28.4,13.3,7.4,11.6,9.5,3.9,6.0,,28.8,32.8,39.6,10.5,14.8,14.6,16.3,14.0,9.0,9.6,6.6,8.5,21.1,69.6,30.4,2.75,2.30,75.9,8.7,11.3,4.1,10.7,15.7,15.2,22.0,13.8,22.6,10.3,89.7,35.7,34.3,29.9,0.1,194028,3.2,1.5,65.6,34.4,187400,1417,500,48.5,51.5,822,1.8
43,2010,"Las Vegas-Paradise, NV",1954260,50.4,49.6,7.1,17.9,9.2,15.1,14.7,13.6,11.1,7.0,4.4,35.4,75.0,71.2,14.5,11.3,52.4,30.4,7.7,2.9,65.0,31.2,44.8,19.9,13.4,7.8,35.0,19.2,13.8,5.4,15.8,12.5,3.3,2.77,3.39,46.3,5.2,13.5,2.5,32.5,4.5,5.6,45.0,21.4,23.5,16.1,29.8,32.4,14.5,7.2,83.9,21.6,37.9,5.0,33.8,10.3,9.9,2.7,8.5,33.6,75.4,23.8,19.8,4.1,0.2,3.9,0.7,1530908,423352,176868,246484,33.0,27.6,39.5,8.0,31.2,2.6,0.5,56.3,1.5,67.6,32.4,14.3,67.2,66.7,57.3,9.4,14.1,0.5,32.8,78.9,10.5,3.8,1.6,2.0,3.3,23.9,27.4,29.2,26.5,8.1,8.8,0.4,6.5,3.3,2.0,11.5,4.6,1.7,6.4,11.0,14.3,29.1,4.8,4.4,83.9,11.3,4.7,0.2,51437,81.6,24.6,3.6,3.3,16.0,10.1,59358,69.0,69423,10.4,43695,20.7,33911,24748,63.0,22.5,23.1,11.5,17.3,17.6,6.7,9.8,7.9,26.5,34.5,37.2,15.1,22.8,22.5,26.5,20.9,12.5,13.3,7.9,13.6,20.9,55.0,45.0,2.78,2.75,66.3,7.3,22.6,3.8,34.4,28.2,17.1,17.3,2.7,0.3,7.9,92.1,67.2,32.2,0.3,0.3,698955,2.5,4.8,53.5,46.5,170100,1662,422,46.8,53.2,986,6.7
44,2010,"Little Rock-North Little Rock-Conway, AR",701713,49.0,51.0,6.7,17.5,10.1,14.3,13.6,14.1,11.7,6.9,5.2,35.9,75.8,72.0,15.2,12.1,58.5,28.8,5.6,1.5,66.5,28.5,46.4,17.6,15.9,8.9,33.5,16.4,13.7,2.7,17.1,14.3,2.8,2.50,3.05,49.3,6.0,13.4,2.8,28.6,7.1,5.0,39.6,19.6,28.7,12.5,30.5,30.7,17.5,8.7,87.5,26.2,33.0,4.2,49.0,11.9,13.9,4.7,12.3,41.5,80.9,18.6,10.9,7.7,5.1,2.7,0.5,669704,32009,9407,22602,55.3,25.0,19.7,8.3,28.1,1.0,1.6,59.0,2.0,93.6,6.4,3.0,65.0,64.1,58.8,5.3,8.3,0.9,35.0,83.2,11.1,0.6,1.6,1.0,2.5,21.9,35.8,17.4,26.0,9.2,11.6,1.4,6.4,7.9,3.0,10.8,5.3,2.6,6.1,9.2,26.6,8.9,4.8,7.0,75.3,20.1,4.5,0.1,45991,79.3,28.5,5.5,1.7,17.5,10.6,58423,69.8,71438,6.3,37729,23.9,27318,24602,64.7,31.2,15.8,11.0,18.3,19.0,4.7,8.2,13.3,27.8,35.5,27.0,15.2,21.1,20.3,26.0,18.2,13.3,14.7,5.9,12.0,28.4,65.4,34.6,2.58,2.36,71.0,5.6,13.3,10.2,21.0,17.0,16.7,30.7,10.7,3.9,6.0,94.0,51.1,47.0,1.8,0.1,272455,2.7,2.2,74.7,25.3,132700,1113,356,49.7,50.3,731,6.3
45,2010,"Los Angeles-Long Beach-Santa Ana, CA",12849383,49.3,50.7,6.5,17.9,10.7,14.7,14.5,14.1,10.5,5.9,5.2,35.1,75.6,70.8,13.8,11.1,48.7,32.3,7.0,2.2,68.4,33.1,46.8,22.7,15.0,7.7,31.6,15.0,10.9,4.0,16.6,13.5,3.2,3.01,3.64,44.7,4.9,8.6,2.5,39.2,5.6,4.7,37.2,21.8,30.6,22.5,19.8,26.8,20.3,10.7,77.5,31.0,36.3,5.7,24.4,4.9,8.8,2.7,6.5,36.5,85.3,14.1,11.6,2.5,1.5,1.0,0.7,8440985,4408398,2055719,2352679,25.8,26.2,48.0,5.1,35.6,1.6,0.4,56.4,1.0,45.6,54.4,25.6,65.4,65.4,57.5,7.9,12.1,0.1,34.6,73.5,10.7,6.2,2.6,2.0,5.0,28.1,36.2,18.1,25.9,7.6,12.2,0.5,5.5,11.5,3.7,10.8,4.7,3.8,7.0,12.6,20.4,10.0,5.9,3.6,78.6,12.3,8.9,0.2,56691,82.8,23.0,6.2,3.9,11.8,6.6,62859,68.4,78591,9.7,46014,21.9,36710,27051,56.1,27.9,22.2,12.6,18.2,15.1,7.9,11.1,8.0,25.2,34.3,34.1,16.3,22.6,22.3,23.5,21.8,14.2,14.6,12.0,14.0,26.8,49.8,50.2,3.15,2.88,59.1,8.0,31.0,1.9,6.5,7.3,12.5,33.4,28.4,11.8,8.6,91.4,71.0,22.9,0.5,5.6,4188650,2.2,12.1,45.8,54.2,455900,2419,464,41.0,59.0,1196,5.3
46,2010,"Louisville/Jefferson County, KY-IN",1287271,48.8,51.2,6.5,17.5,8.5,13.4,13.5,15.3,12.4,7.1,5.8,38.2,76.0,72.4,16.3,12.8,59.8,29.9,5.0,2.6,66.4,29.9,47.7,18.1,14.1,9.2,33.6,15.8,12.8,3.0,17.8,15.6,2.2,2.47,3.03,49.8,6.1,12.5,1.8,29.9,6.2,5.5,43.3,21.8,23.3,13.1,31.3,29.8,16.3,9.6,86.9,25.8,40.8,3.1,54.7,9.9,13.9,4.9,12.6,38.2,86.9,12.8,8.2,4.6,2.5,2.1,0.4,1225656,61615,22463,39152,50.9,26.9,22.2,17.6,30.4,9.2,0.5,40.5,1.8,93.6,6.4,2.9,65.7,65.5,58.4,7.2,10.9,0.2,34.3,83.5,9.2,1.9,1.3,1.1,3.1,24.1,34.0,16.6,25.7,7.8,15.8,0.7,5.2,12.5,3.0,10.5,7.5,2.4,7.4,9.4,23.6,9.2,4.9,3.6,82.3,12.3,5.3,0.1,44678,78.3,28.2,5.4,3.0,18.9,13.0,56788,71.9,69184,6.9,37710,21.2,27154,24511,71.4,27.9,12.9,11.4,19.3,22.7,4.4,6.7,9.0,32.4,41.4,47.4,15.3,22.4,22.1,25.8,20.7,13.1,13.8,9.3,12.9,26.0,68.3,31.7,2.57,2.26,75.2,6.4,14.4,4.0,14.8,15.5,10.4,28.5,18.2,12.6,8.0,92.0,62.0,35.5,2.4,0.1,510653,2.6,1.6,68.9,31.1,148100,1182,361,52.3,47.7,671,4.9
47,2010,"Madison, WI",569923,49.7,50.3,6.2,15.8,12.1,15.4,13.3,14.4,11.9,5.8,5.1,35.4,78.0,72.8,13.8,10.9,62.5,26.3,8.8,3.5,59.0,28.0,47.1,20.1,8.1,5.4,41.0,19.6,14.1,5.5,21.4,16.7,4.7,2.35,2.94,49.7,4.1,10.1,1.0,35.1,5.5,6.1,31.5,18.4,38.5,5.8,22.8,28.2,26.0,17.3,94.2,43.3,26.1,1.6,47.2,7.7,9.0,3.0,7.9,28.3,80.5,18.9,12.4,6.5,3.5,3.0,0.6,529026,40897,13189,27708,55.1,21.7,23.1,14.0,45.5,6.3,1.1,29.7,3.4,89.0,11.0,4.5,73.3,73.3,68.4,4.8,6.6,0.1,26.7,73.8,8.9,3.9,5.0,4.2,4.2,21.4,45.4,16.1,22.8,6.1,9.5,1.6,4.9,10.1,2.9,9.5,3.6,1.9,7.7,11.5,27.3,9.7,3.9,5.2,73.1,21.4,5.4,0.1,57594,84.6,21.1,2.9,1.8,15.7,9.0,76102,79.8,84875,6.4,34245,13.8,35884,30263,81.4,22.4,7.4,6.0,10.0,10.4,1.9,2.5,,21.6,26.1,29.3,11.8,12.0,11.7,13.6,10.9,11.8,12.8,5.2,6.6,26.7,62.9,37.1,2.52,2.07,64.0,10.7,23.7,1.6,18.2,15.8,11.1,27.6,11.9,15.3,8.4,91.6,74.8,20.0,4.8,0.5,235533,2.0,1.7,65.6,34.4,224000,1657,591,48.1,51.9,824,0.9
48,2010,"McAllen-Edinburg-Mission, TX",780087,48.7,51.3,9.6,25.1,10.7,13.9,13.2,10.3,7.8,5.1,4.2,28.3,65.4,60.3,11.6,9.4,43.2,41.5,3.0,1.0,82.6,46.1,57.4,31.7,20.5,11.9,17.4,8.6,7.0,1.6,8.7,7.4,1.3,3.64,4.07,52.4,5.1,6.7,4.0,31.8,5.1,7.5,48.3,20.7,18.4,38.1,24.5,21.6,11.3,4.4,61.9,15.8,29.2,10.4,35.7,4.6,13.4,5.6,11.8,52.3,86.1,13.3,10.6,2.7,1.6,1.1,0.6,554880,225207,60311,164896,29.4,26.1,44.5,0.4,2.7,0.1,0.0,95.7,1.1,14.6,85.4,32.8,58.0,57.9,51.7,6.2,10.8,0.1,42.0,78.9,11.4,0.4,1.1,4.3,3.9,20.9,26.2,23.2,27.6,12.8,10.2,3.2,7.5,5.0,3.0,14.3,4.2,1.5,4.2,7.9,31.8,8.1,5.5,3.6,73.6,16.8,9.4,0.1,33732,80.2,28.0,10.1,2.7,11.0,33.9,36203,69.5,43489,5.7,30590,24.8,20337,13525,30.9,37.9,35.9,29.0,37.3,32.1,21.7,27.5,23.1,49.8,60.4,55.7,33.4,45.3,45.1,44.3,45.4,27.1,28.2,20.2,32.6,42.3,68.0,32.0,3.84,3.23,70.7,8.0,8.1,13.2,33.2,23.0,18.8,17.4,5.7,1.8,6.3,93.7,12.0,82.9,0.5,4.7,212743,2.1,14.2,61.2,38.8,80400,1029,329,46.0,54.0,608,4.6
49,2010,"Memphis, TN-MS-AR",1316579,48.1,51.9,7.1,19.3,9.9,13.5,13.6,14.4,11.4,6.1,4.6,35.1,73.6,69.1,13.6,10.7,53.1,33.0,4.6,1.8,70.1,31.7,44.1,17.8,20.5,11.5,29.9,14.0,11.4,2.5,15.9,14.4,1.5,2.71,3.27,43.7,5.9,11.5,3.7,35.1,5.3,5.4,41.3,21.8,26.3,14.4,29.3,31.2,16.4,8.7,85.6,25.1,52.0,5.2,50.7,9.0,12.9,4.9,11.6,40.9,83.9,15.9,12.1,3.8,1.2,2.6,0.3,1250063,66516,24392,42124,49.4,27.2,23.4,8.2,30.3,10.0,0.8,49.4,1.3,92.8,7.2,3.4,65.4,65.2,57.0,8.3,12.7,0.1,34.6,83.6,10.3,1.0,1.5,0.9,2.7,23.6,33.8,17.9,25.5,8.1,14.6,0.5,5.6,9.1,3.8,11.1,10.9,1.5,5.3,9.3,21.9,10.6,5.2,5.1,79.3,15.2,5.4,0.1,45377,81.1,25.8,5.4,3.3,15.8,18.9,54569,62.9,75499,7.8,39825,29.3,27262,22919,63.2,30.7,16.0,15.0,22.0,24.3,5.7,7.7,11.6,34.2,42.5,44.8,19.1,27.6,27.4,32.2,25.6,16.0,17.1,9.5,17.5,27.8,63.1,36.9,2.76,2.64,75.8,5.3,15.1,3.7,17.9,18.5,14.8,27.9,15.5,5.4,7.9,92.1,60.7,38.5,0.7,0.1,474304,2.9,3.0,64.2,35.8,138700,1315,438,43.4,56.6,793,8.6
50,2010,"Miami-Fort Lauderdale-Pompano Beach, FL",5582351,48.4,51.6,5.8,15.8,9.0,12.8,14.1,14.9,11.6,8.0,8.0,39.8,78.4,74.5,19.2,16.0,52.1,30.2,6.4,2.3,64.9,28.4,43.9,17.9,15.9,8.5,35.1,16.2,12.4,3.8,18.9,16.2,2.7,2.76,3.44,43.8,7.0,13.1,2.9,33.1,6.4,4.9,38.3,21.2,29.1,17.3,27.8,26.7,17.7,10.4,82.7,28.1,42.1,4.9,26.7,6.0,10.9,3.4,7.3,35.1,84.8,13.9,10.3,3.6,1.9,1.6,1.3,3415136,2167215,1064688,1102527,34.8,23.8,41.4,5.7,5.0,0.9,0.1,86.8,1.5,48.9,51.1,23.7,63.4,63.3,54.8,8.5,13.4,0.1,36.6,78.8,9.4,3.5,2.0,2.0,4.4,27.0,32.9,21.0,28.4,9.0,8.6,0.8,6.6,4.8,3.7,13.1,5.8,2.3,7.8,13.1,20.7,10.6,6.7,4.1,81.3,11.4,7.1,0.1,45352,76.5,31.1,5.1,1.8,12.3,13.8,52334,67.6,66569,7.9,41042,24.5,31693,24982,52.3,28.8,26.7,13.2,18.7,17.1,8.2,10.7,8.5,26.3,33.9,34.1,17.1,22.9,22.6,24.9,21.8,15.5,15.6,14.8,14.5,27.9,64.0,36.0,2.77,2.74,57.8,7.0,33.1,2.1,12.9,15.8,19.7,34.8,14.6,2.1,8.9,91.1,2.4,94.4,0.2,3.0,1984559,2.9,4.2,44.3,55.7,195700,1792,569,36.6,63.4,1063,6.6
51,2010,"Milwaukee-Waukesha-West Allis, WI",1557244,48.6,51.4,6.6,18.0,9.8,13.4,12.8,15.0,11.9,6.2,6.3,36.9,75.4,71.2,15.3,12.6,58.0,31.1,6.0,2.8,62.0,29.0,44.2,18.2,13.8,8.6,38.0,17.5,14.0,3.5,20.5,17.3,3.2,2.49,3.16,45.9,5.9,10.8,1.2,36.2,4.1,6.1,39.6,21.3,29.0,10.6,28.2,29.5,20.6,11.2,89.4,31.7,43.1,2.5,41.4,8.2,10.8,4.6,8.8,33.4,84.2,15.6,11.6,4.0,2.6,1.4,0.2,1457059,100185,44276,55909,37.0,29.1,33.9,20.8,31.8,3.1,0.1,42.9,1.4,88.5,11.5,4.6,68.3,68.3,61.2,7.1,10.4,0.0,31.7,80.1,9.3,3.4,2.6,1.2,3.4,22.2,37.5,16.7,26.0,6.2,13.6,0.7,4.2,15.9,3.5,11.3,4.0,2.0,7.1,10.5,25.1,8.6,4.1,3.1,84.6,11.1,4.2,0.1,49774,79.0,26.3,4.9,2.4,17.5,12.8,66005,71.4,83000,6.4,36922,22.2,27287,26997,70.0,30.6,10.1,11.4,19.5,19.0,3.4,5.5,4.8,34.6,44.1,48.0,15.5,24.2,24.0,29.0,22.1,12.6,13.9,6.2,13.5,22.6,62.2,37.8,2.66,2.20,62.7,15.9,20.6,0.8,8.8,11.2,7.9,25.1,23.9,23.1,10.1,89.9,82.7,13.3,3.7,0.3,615244,1.7,1.8,64.2,35.8,203600,1595,597,47.2,52.8,764,6.4
52,2010,"Minneapolis-St. Paul-Bloomington, MN-WI",3286195,49.3,50.7,6.8,18.1,9.1,14.6,13.9,15.4,11.4,5.8,4.9,36.0,75.1,71.2,13.5,10.7,59.0,30.6,6.1,2.6,64.4,31.2,49.9,22.5,10.2,6.6,35.6,16.8,12.5,4.3,18.8,15.7,3.1,2.54,3.15,50.9,4.5,9.9,1.2,33.4,7.0,4.9,39.3,20.7,28.1,7.0,23.5,31.6,25.4,12.5,93.0,37.9,28.3,2.0,33.5,8.4,8.9,3.7,7.4,30.6,84.3,15.0,8.7,6.4,4.5,1.9,0.6,2973712,312483,140638,171845,43.9,29.3,26.8,10.8,39.0,21.4,0.3,25.6,3.0,86.7,13.3,5.4,72.7,72.6,66.2,6.4,8.8,0.1,27.3,78.3,7.9,4.8,2.4,1.6,4.9,24.8,42.0,15.3,25.3,6.5,10.9,0.8,4.8,13.4,3.1,12.0,4.3,2.1,8.7,11.4,23.4,8.0,4.5,3.4,83.1,11.9,4.9,0.1,62352,83.5,22.4,3.6,3.6,14.3,7.3,77466,77.6,90002,6.6,48526,15.9,35242,31471,77.4,24.0,9.1,7.1,11.7,10.9,2.9,4.3,3.3,24.7,32.2,35.8,10.9,14.8,14.4,15.6,14.0,9.5,9.9,7.2,8.3,20.9,71.3,28.7,2.66,2.24,72.5,4.6,21.3,1.6,15.3,14.3,15.3,25.6,14.3,15.2,7.5,92.5,84.1,12.5,2.7,0.7,1267805,1.8,2.2,66.0,34.0,225500,1677,498,49.1,50.9,845,2.4
53,2010,"Modesto, CA",515358,49.4,50.6,7.7,20.8,10.7,13.4,13.1,13.4,10.3,5.7,4.9,32.8,71.5,66.4,13.0,10.6,50.0,35.1,4.6,2.4,76.2,38.3,53.5,26.0,15.5,8.9,23.8,10.3,7.9,2.4,13.5,11.5,2.0,3.07,3.53,50.1,5.2,10.2,2.1,32.4,5.4,4.6,43.2,24.7,22.1,24.1,28.5,31.3,10.6,5.4,75.9,16.0,33.8,6.8,31.5,6.9,12.3,5.2,10.6,42.5,79.0,20.5,15.2,5.2,4.3,1.0,0.5,411490,103868,42501,61367,24.2,26.7,49.1,5.9,21.2,0.5,2.4,69.2,0.8,58.7,41.3,16.9,62.4,62.3,51.6,10.6,17.1,0.1,37.6,79.5,12.0,0.9,1.3,1.5,4.9,26.4,26.9,17.3,24.4,14.5,17.0,5.7,7.4,13.4,4.6,13.1,4.7,1.3,3.6,6.9,22.7,7.6,5.3,3.8,75.6,16.3,7.8,0.3,48044,79.1,27.6,7.8,5.4,16.5,12.0,53261,70.2,65190,9.5,35872,20.4,24835,20719,55.5,36.0,17.3,17.2,25.8,24.8,9.3,14.8,13.3,38.5,48.5,49.2,19.9,29.1,28.8,30.6,28.1,16.2,17.4,9.3,18.5,29.7,59.5,40.5,3.01,3.15,80.4,6.3,8.8,4.5,18.4,13.2,18.9,27.7,15.9,5.9,7.0,93.0,73.3,23.9,2.3,0.4,165761,2.8,8.1,51.6,48.4,176800,1737,385,42.2,57.8,978,5.6
54,2010,"New Haven-Milford, CT",862989,48.1,51.9,5.6,16.6,10.0,12.5,13.2,15.4,12.3,7.2,7.2,39.2,77.7,73.1,17.9,14.4,56.9,30.7,5.4,2.4,63.7,28.2,44.9,18.4,14.8,8.2,36.3,16.0,12.6,3.4,20.3,17.1,3.2,2.55,3.21,45.1,6.4,10.9,1.6,36.0,5.9,4.6,38.1,21.5,29.9,11.9,31.2,25.1,17.4,14.3,88.1,31.8,35.5,4.0,33.7,7.8,11.4,4.2,8.9,34.9,87.4,12.1,8.5,3.6,1.7,1.9,0.5,760325,102664,48304,54360,38.1,27.5,34.3,29.6,24.7,5.1,0.3,37.5,2.8,78.4,21.6,8.3,67.9,67.8,60.4,7.4,10.9,0.1,32.1,80.3,7.6,4.1,2.8,1.3,3.8,24.3,39.6,18.5,24.5,6.6,10.8,0.3,4.4,12.3,2.4,10.8,3.9,2.4,6.2,8.8,31.9,8.4,4.5,3.5,81.6,13.1,5.2,0.1,57056,78.4,28.6,4.8,2.7,16.9,12.7,73219,70.5,91140,6.3,51848,23.2,36215,31041,71.4,31.2,8.8,8.5,13.4,12.0,3.2,4.4,2.7,24.8,32.4,38.9,11.7,16.5,16.3,19.2,15.3,10.2,11.0,6.8,9.3,21.5,63.5,36.5,2.71,2.27,60.5,20.0,18.9,0.5,6.1,7.3,12.6,25.9,22.8,25.4,11.4,88.6,38.2,16.7,44.9,0.2,329595,1.6,2.4,56.2,43.8,269200,2008,817,42.9,57.1,1015,5.0
55,2010,"New Orleans-Metairie-Kenner, LA",1173327,48.8,51.2,6.6,16.7,9.9,14.2,12.8,15.0,12.5,6.7,5.5,37.1,76.7,72.6,15.4,12.2,55.3,30.2,5.5,2.4,64.4,27.6,41.8,16.5,18.0,9.4,35.6,17.3,13.5,3.8,18.4,15.4,2.9,2.56,3.21,43.2,6.4,12.3,2.5,35.6,7.5,4.8,41.6,19.2,26.9,15.9,29.9,27.4,17.5,9.3,84.1,26.8,42.0,5.0,48.7,8.9,13.7,4.6,12.0,39.9,85.2,14.4,8.6,5.9,3.3,2.6,0.3,1090043,83284,37080,46204,40.2,20.7,39.1,8.5,28.3,3.1,0.2,58.5,1.4,88.9,11.1,4.6,64.9,64.6,57.5,7.2,11.1,0.2,35.1,78.1,11.0,3.2,2.6,2.6,2.5,25.8,35.0,19.3,24.1,11.4,10.2,2.2,8.7,6.6,3.0,10.4,5.9,1.4,6.1,9.8,22.7,12.2,5.1,5.9,78.8,15.5,5.7,0.1,46134,79.2,26.7,7.0,1.4,15.2,13.9,56778,65.0,75673,7.1,44308,27.9,27431,25625,59.3,32.2,17.9,14.1,22.3,27.5,4.5,6.7,8.3,35.5,45.2,49.7,17.4,25.8,25.6,32.8,22.8,14.9,15.9,9.8,15.4,25.8,64.1,35.9,2.66,2.40,71.2,12.1,12.5,4.2,13.8,10.8,14.3,34.8,15.3,11.0,10.3,89.7,43.8,55.7,0.3,0.2,451411,3.4,3.2,63.1,36.9,176900,1424,400,44.2,55.8,884,20.8
56,2010,"New York-Northern New Jersey-Long Island, NY-NJ-PA",18919983,48.1,51.9,6.2,16.6,9.4,14.2,14.0,14.8,11.6,6.9,6.3,37.6,77.2,73.3,16.2,13.1,53.5,31.8,5.6,2.0,66.5,30.7,46.0,21.0,15.4,7.7,33.5,14.5,11.4,3.2,19.0,16.3,2.7,2.73,3.37,45.9,6.2,7.8,2.5,37.6,6.6,5.0,38.7,21.5,28.2,15.3,26.6,22.1,21.3,14.6,84.7,36.0,30.9,4.0,26.4,4.9,9.3,3.0,6.8,33.3,89.9,9.2,5.9,3.3,2.0,1.3,0.9,13472852,5447131,2777357,2669774,31.8,28.1,40.2,16.7,27.4,3.8,0.2,51.0,0.9,61.2,38.8,17.5,64.8,64.7,58.0,6.7,10.4,0.1,35.2,50.5,6.8,30.7,5.9,2.1,3.9,34.6,40.0,19.1,24.5,7.0,9.4,0.2,5.6,6.3,3.1,10.4,5.7,3.4,9.6,12.5,25.3,8.3,5.2,4.3,79.2,14.9,5.9,0.1,61927,79.4,26.8,5.5,3.2,15.0,12.0,74756,69.1,94951,7.7,51822,23.2,37849,33208,65.3,30.6,13.6,10.8,16.3,14.8,5.6,7.8,6.4,26.0,36.2,38.8,13.8,19.5,19.2,21.3,18.5,12.1,12.4,10.9,11.7,23.1,52.2,47.8,2.90,2.54,43.9,18.7,36.9,0.4,6.8,5.7,7.3,24.2,27.6,28.3,30.9,69.1,62.7,8.9,27.9,0.5,6800883,2.6,6.2,50.9,49.1,426500,2622,946,46.2,53.8,1150,4.7
57,2010,"North Port-Bradenton-Sarasota, FL",703309,48.0,52.0,4.7,13.2,6.5,9.0,10.6,13.6,14.8,13.9,13.6,49.4,82.1,78.9,32.2,27.5,62.0,24.3,6.2,2.1,62.2,18.0,48.7,11.1,10.0,5.2,37.8,15.3,12.1,3.2,22.5,19.8,2.7,2.40,3.01,51.3,9.0,14.7,2.3,22.7,6.5,5.1,44.1,22.8,21.5,10.8,32.8,29.6,16.1,10.7,89.2,26.9,51.8,2.5,42.6,13.7,14.5,3.6,10.5,29.7,84.3,15.1,9.0,6.1,2.8,3.3,0.7,622066,81243,38690,42553,36.1,23.5,40.4,26.0,11.2,1.7,0.2,51.5,9.4,85.4,14.6,5.5,53.8,53.8,46.3,7.5,14.0,0.0,46.2,81.2,8.3,1.2,1.8,2.2,5.3,22.6,32.9,21.2,28.5,9.3,8.2,0.8,7.6,5.9,2.2,15.1,3.1,1.3,7.7,11.8,21.9,12.5,5.9,4.1,81.8,11.4,6.8,0.0,45283,62.5,46.9,3.4,1.6,27.9,8.7,56339,78.3,64267,5.6,41485,16.1,31951,26837,62.2,40.3,18.5,9.3,18.4,17.0,5.5,9.7,6.8,25.2,33.7,38.1,13.6,22.5,22.1,25.8,20.8,11.7,14.9,5.2,11.7,20.4,74.1,25.9,2.32,2.63,69.2,4.7,15.3,10.9,21.6,17.2,21.5,29.0,9.4,1.3,5.8,94.2,4.5,93.9,0.6,1.0,289448,2.9,1.9,50.3,49.7,173000,1493,505,40.9,59.1,913,3.6
58,2010,"Ogden-Clearfield, UT",551173,50.4,49.6,9.6,22.8,9.7,15.7,12.3,11.9,8.9,5.0,4.0,30.0,67.6,63.6,11.2,9.0,53.5,37.6,3.4,1.5,78.9,41.6,64.4,32.7,10.1,6.3,21.1,10.3,7.8,2.5,10.8,8.9,2.0,3.07,3.49,60.9,3.5,8.6,1.7,25.3,6.0,5.4,43.8,22.0,22.7,7.1,24.9,37.9,20.9,9.2,92.9,30.1,16.2,4.7,33.4,10.9,8.8,3.4,8.0,33.9,84.4,15.0,9.8,5.2,3.5,1.7,0.5,522017,29156,10070,19086,36.1,27.0,36.9,12.1,21.1,1.0,1.8,60.8,3.3,89.5,10.5,4.1,69.2,68.5,63.1,5.4,7.9,0.7,30.8,80.6,10.9,2.0,1.5,1.4,3.5,21.7,36.8,14.7,26.0,9.5,13.0,0.6,5.3,13.2,3.0,12.3,3.9,1.7,6.1,10.8,21.6,6.8,4.3,10.4,74.4,21.9,3.7,0.0,59171,85.5,21.0,3.6,2.4,18.4,9.4,66661,81.6,73938,5.6,50205,12.8,30413,23403,78.3,18.9,12.3,8.1,12.5,15.2,4.1,5.7,5.2,32.8,42.9,51.6,10.2,13.0,13.0,14.0,12.5,8.8,9.3,5.5,8.6,24.2,74.0,26.0,3.22,2.65,79.1,8.2,9.5,3.2,23.3,20.4,12.6,26.5,11.6,5.5,3.7,96.3,90.5,9.1,0.4,0.1,177989,1.7,2.3,69.1,30.9,209900,1414,348,55.3,44.7,784,1.5
59,2010,"Oklahoma City, OK",1257845,49.4,50.6,7.3,17.7,10.6,14.8,12.4,14.1,11.3,6.5,5.3,34.6,75.0,70.7,14.8,11.8,57.5,30.6,5.5,1.9,66.0,30.4,48.6,20.3,13.5,8.1,34.0,16.7,13.2,3.5,17.3,14.8,2.5,2.58,3.18,49.9,5.7,12.8,2.3,29.3,6.2,5.2,39.7,18.4,30.6,12.5,27.5,32.4,18.2,9.4,87.5,27.6,34.1,3.4,51.2,11.6,13.5,3.6,12.2,42.0,80.7,18.9,11.8,7.1,3.8,3.3,0.4,1161403,96442,33010,63432,43.7,29.0,27.3,5.1,29.5,6.4,0.6,57.3,1.1,88.1,11.9,5.4,65.6,64.9,59.9,5.0,7.7,0.6,34.4,82.7,10.6,0.5,1.6,1.2,3.4,21.6,35.1,17.4,26.8,10.4,10.3,3.0,7.1,6.7,2.9,11.7,4.7,2.2,7.1,8.7,22.8,9.4,5.6,8.0,75.1,17.8,6.9,0.2,46238,80.1,25.8,4.7,3.2,18.0,13.3,56486,73.7,66793,6.0,38405,20.4,25358,24305,65.5,28.1,17.5,12.2,19.8,21.1,5.9,8.8,7.3,33.9,45.3,52.3,15.9,23.8,23.5,25.8,22.5,13.3,14.4,7.4,13.7,25.7,66.2,33.8,2.65,2.46,77.3,4.6,12.5,5.6,16.4,11.1,17.4,31.9,16.3,6.9,5.0,95.0,64.9,34.2,0.9,0.1,474558,1.8,2.5,70.9,29.1,127400,1187,388,49.3,50.7,713,5.7
60,2010,"Omaha-Council Bluffs, NE-IA",868238,49.3,50.7,7.5,18.5,9.7,14.4,13.1,14.3,11.2,5.9,5.2,34.9,74.0,69.9,14.0,11.2,58.8,30.8,5.8,2.3,65.6,30.7,49.9,21.4,11.2,6.9,34.4,16.2,12.8,3.4,18.1,15.0,3.2,2.55,3.14,51.8,5.3,10.8,1.8,30.4,6.7,5.1,38.2,21.2,28.8,8.8,25.5,32.7,22.6,10.4,91.2,33.0,31.1,3.1,48.1,10.7,10.8,4.4,9.4,34.6,83.4,16.2,10.7,5.5,2.6,2.8,0.4,811420,56818,24284,32534,39.3,32.2,28.5,10.4,26.8,9.4,0.3,51.6,1.5,89.5,10.5,4.4,73.2,72.5,67.2,5.3,7.3,0.6,26.8,83.8,9.5,0.8,1.6,0.8,3.4,19.8,37.4,16.7,27.0,7.5,11.4,1.4,5.9,8.3,2.9,11.7,5.7,2.6,10.0,11.0,24.3,8.7,4.1,3.5,82.3,12.5,5.1,0.0,54060,83.6,24.4,3.7,2.5,15.4,9.8,68445,76.1,80107,6.8,40026,17.1,32904,26907,75.0,24.3,11.4,8.7,14.4,13.5,3.9,6.4,5.5,26.7,33.8,38.9,12.4,17.7,17.2,18.7,16.6,10.6,11.2,6.8,10.2,22.0,67.9,32.1,2.71,2.22,77.5,3.2,17.7,1.6,16.2,13.0,10.3,29.4,14.3,16.9,6.1,93.9,79.5,18.5,1.6,0.4,334319,1.7,1.7,71.8,28.2,146100,1352,470,51.9,48.1,753,4.5
61,2010,"Orlando-Kissimmee-Sanford, FL",2140795,49.0,51.0,6.2,17.2,11.0,13.8,14.1,14.3,11.0,6.9,5.5,36.2,76.6,71.8,15.3,12.4,52.8,31.7,6.6,2.3,67.6,28.1,49.3,18.6,13.9,7.5,32.4,15.1,11.3,3.9,17.3,14.1,3.2,2.82,3.42,47.1,5.6,11.3,2.8,33.2,6.6,4.6,37.6,20.1,31.1,12.9,28.1,31.0,18.8,9.3,87.1,28.1,37.5,4.3,28.5,9.2,10.9,4.4,9.0,33.7,82.3,16.8,10.3,6.5,3.9,2.6,0.9,1803091,337704,169853,167851,36.4,26.1,37.5,11.8,16.7,3.6,0.1,66.0,1.7,70.8,29.2,10.8,66.2,66.1,57.8,8.3,12.5,0.1,33.8,82.1,9.2,1.6,1.1,1.7,4.4,26.3,34.8,20.5,28.2,7.7,8.7,0.7,5.9,4.8,2.7,12.8,5.5,2.3,7.1,13.5,19.7,16.8,4.5,3.8,84.5,11.0,4.4,0.1,46478,81.1,27.0,4.3,2.2,14.7,11.2,55038,73.0,64853,6.5,40802,20.5,30376,23165,61.9,26.3,20.9,11.2,17.4,16.2,5.9,8.9,8.4,28.2,36.1,39.2,14.7,20.4,20.2,24.6,18.6,12.9,13.9,7.9,12.3,25.4,65.0,35.0,2.90,2.68,69.7,4.6,18.9,6.9,25.7,20.7,22.9,20.5,8.1,1.9,5.3,94.7,6.3,92.7,0.5,0.5,748210,2.7,1.9,50.9,49.1,169000,1582,460,37.8,62.2,976,4.8
62,2010,"Oxnard-Thousand Oaks-Ventura, CA",825706,49.8,50.2,6.7,19.0,10.0,12.8,13.5,15.0,11.4,6.2,5.5,36.3,74.3,69.7,14.7,11.7,50.6,33.7,6.6,2.0,73.2,34.2,54.6,24.9,13.0,6.6,26.8,12.1,8.6,3.4,14.7,12.2,2.5,3.05,3.53,50.1,5.4,10.3,1.7,32.5,6.3,5.4,41.2,21.9,25.2,17.9,18.8,32.5,19.4,11.4,82.1,30.8,29.4,4.8,25.5,8.3,9.5,3.0,7.5,34.3,84.1,15.2,10.2,5.1,3.4,1.6,0.7,635731,189975,81242,108733,26.6,27.5,45.8,7.5,22.4,0.6,0.4,67.2,2.0,62.1,37.9,17.4,68.0,67.4,60.5,6.9,10.2,0.6,32.0,75.1,13.6,1.4,2.2,1.7,5.9,24.0,37.2,17.4,25.7,11.0,8.8,4.6,5.5,9.5,3.9,11.2,3.3,2.5,8.3,12.4,18.6,9.1,4.6,6.4,75.7,15.3,8.9,0.1,71864,83.1,26.4,4.4,2.5,17.7,5.7,81544,74.6,95797,7.7,64646,17.7,43735,31135,68.3,25.0,16.3,7.6,11.7,8.1,4.4,6.6,2.0,21.3,30.4,27.8,10.7,14.3,13.9,15.1,13.5,9.5,9.8,7.8,8.5,22.5,64.0,36.0,2.98,3.18,75.3,5.6,15.2,3.8,11.6,10.7,17.1,43.7,13.7,3.3,4.6,95.4,77.4,16.2,0.9,5.5,265904,1.4,6.0,51.5,48.5,458200,2485,505,44.4,55.6,1381,2.2
63,2010,"Palm Bay-Melbourne-Titusville, FL",543573,49.0,51.0,4.9,14.8,7.7,10.1,11.5,16.6,13.8,10.7,9.7,45.5,80.2,76.6,24.1,20.4,62.5,25.7,6.2,2.6,65.7,23.9,50.7,16.0,10.9,6.0,34.3,15.9,11.8,4.1,18.4,15.6,2.8,2.41,2.92,51.9,8.0,13.3,2.2,24.7,6.1,6.2,39.6,21.3,26.9,8.9,33.3,32.7,15.9,9.2,91.1,25.1,29.7,2.9,41.5,16.7,14.6,4.4,11.1,35.3,83.9,15.7,10.7,5.1,2.1,3.0,0.3,494840,48733,28745,19988,27.3,20.1,52.6,22.3,17.6,2.3,0.3,49.4,8.1,90.0,10.0,3.3,58.3,57.8,50.4,7.4,12.9,0.5,41.7,82.2,9.0,0.5,1.2,2.1,5.0,24.1,39.3,18.2,24.9,8.2,9.4,0.3,7.0,12.3,1.7,12.9,3.5,1.4,5.4,13.5,20.9,10.0,4.7,6.2,79.8,14.9,5.1,0.2,46262,69.8,37.6,4.8,2.1,24.3,10.0,58152,77.2,67963,6.2,39227,16.6,27009,26022,64.9,34.5,16.8,9.3,17.1,21.8,4.5,7.6,12.1,28.2,38.7,50.1,13.4,19.5,18.9,24.6,17.0,11.9,13.5,7.0,10.1,26.0,75.0,25.0,2.40,2.43,73.5,4.2,14.4,7.9,20.1,18.2,24.6,28.8,7.3,0.9,4.7,95.3,11.4,87.8,0.3,0.5,221945,2.5,1.1,58.4,41.6,149100,1354,416,43.5,56.5,873,3.7
64,2010,"Philadelphia-Camden-Wilmington, PA-NJ-DE-MD",5971483,48.3,51.7,6.1,17.1,10.0,12.9,13.2,15.2,12.0,6.8,6.5,38.1,76.8,72.3,16.6,13.3,55.8,31.9,5.0,2.1,65.0,29.0,46.3,19.5,14.1,7.5,35.0,15.3,12.4,2.9,19.7,17.0,2.7,2.62,3.29,45.7,6.6,8.8,2.4,36.4,6.8,4.8,37.5,21.3,29.6,11.6,31.2,24.1,20.1,13.1,88.4,33.1,40.0,3.7,32.4,8.5,11.6,4.2,9.6,34.8,88.7,10.8,6.8,4.0,2.0,2.0,0.5,5402019,569464,288993,280471,39.9,26.3,33.9,19.9,40.3,7.8,0.3,30.1,1.7,85.3,14.7,6.0,65.6,65.5,58.5,7.0,10.6,0.1,34.4,73.9,8.0,9.6,3.5,1.3,3.8,28.6,41.4,16.6,25.5,7.1,9.5,0.5,5.3,9.5,2.8,11.1,4.7,2.0,8.5,12.1,26.5,7.9,4.5,4.6,82.4,12.7,4.8,0.2,58095,78.4,28.6,5.5,4.0,17.6,10.3,74506,71.2,92260,7.1,48857,21.7,34562,30250,73.3,28.4,10.1,9.0,14.0,13.6,3.3,4.5,3.0,26.3,34.6,42.7,12.7,17.1,16.9,19.0,16.1,11.4,12.0,8.4,10.2,23.8,68.6,31.4,2.77,2.28,75.0,8.1,15.6,1.3,8.4,9.5,10.5,24.8,25.6,21.2,14.1,85.9,62.9,19.0,17.8,0.2,2220711,2.2,1.6,61.8,38.2,246300,1804,605,45.1,54.9,945,7.8
65,2010,"Phoenix-Mesa-Glendale, AZ",4211213,49.8,50.2,7.4,18.9,9.7,14.3,13.7,13.0,10.6,6.9,5.4,34.7,73.6,69.4,15.2,12.3,54.1,31.4,6.6,2.6,66.7,31.2,48.9,20.6,12.3,7.6,33.3,16.3,12.1,4.1,17.0,13.8,3.2,2.75,3.36,49.1,5.1,11.9,1.6,32.4,4.8,5.3,42.7,20.9,26.3,14.0,24.8,34.0,18.0,9.2,86.0,27.2,40.7,4.1,42.6,10.0,9.8,3.1,8.3,31.4,79.3,20.0,15.1,4.9,1.5,3.4,0.6,3603633,607580,205406,402174,32.8,31.0,36.1,9.1,19.3,3.3,0.2,64.2,4.0,74.4,25.6,9.9,63.6,63.4,56.1,7.3,11.5,0.2,36.4,76.7,11.8,2.0,1.5,2.0,6.0,25.8,36.3,18.0,27.6,8.4,9.8,0.7,6.8,8.1,2.7,12.7,5.3,2.0,8.9,12.0,21.6,9.8,4.6,4.8,81.4,13.0,5.4,0.2,50385,78.9,26.8,3.6,2.3,16.7,11.9,58497,73.3,69772,8.2,41686,18.5,31318,24809,62.4,30.6,17.1,11.9,18.8,19.7,6.9,11.1,10.8,29.3,36.5,42.9,16.3,22.7,22.3,25.8,21.0,14.0,15.3,7.2,14.3,25.0,64.3,35.7,2.75,2.76,72.0,4.5,17.7,5.8,27.5,22.0,18.3,23.8,7.4,1.0,6.7,93.3,29.5,69.7,0.3,0.5,1503107,3.1,4.3,59.0,41.0,172900,1529,397,46.5,53.5,883,5.5
66,2010,"Pittsburgh, PA",2356381,48.3,51.7,5.1,15.0,9.2,11.6,12.2,15.7,13.9,8.3,9.0,42.6,79.9,75.6,20.9,17.3,62.7,28.0,4.9,2.4,61.7,23.9,46.5,16.5,11.2,5.6,38.3,16.5,13.5,3.0,21.9,19.0,2.9,2.34,2.98,48.2,8.1,9.8,2.3,31.6,6.6,4.5,37.4,20.8,30.7,8.7,36.6,25.6,18.4,10.8,91.3,29.1,28.1,2.1,46.9,10.5,14.3,5.1,11.3,36.4,88.2,11.6,7.3,4.3,2.4,1.9,0.3,2282938,73443,36967,36476,42.0,21.0,37.0,30.4,45.0,4.1,1.7,15.2,3.6,95.2,4.8,1.4,62.2,62.2,56.7,5.4,8.7,0.1,37.8,77.0,8.9,5.6,3.7,1.2,3.5,25.9,37.3,17.9,25.0,8.0,11.8,0.8,5.7,9.8,3.1,11.9,5.7,1.9,7.1,9.9,26.9,9.0,4.7,3.4,84.2,10.7,5.0,0.2,46700,73.9,34.6,5.6,3.5,21.4,11.8,61279,75.4,72362,6.5,41888,18.1,30147,27075,75.9,32.4,8.3,8.4,14.8,16.6,3.5,5.0,2.8,27.4,39.6,48.1,12.2,16.8,16.5,19.7,15.4,11.0,11.8,8.0,9.0,23.8,70.4,29.6,2.49,1.98,77.0,6.9,12.2,4.0,6.9,7.7,7.6,23.5,27.2,27.1,10.8,89.2,76.5,13.0,10.3,0.3,978959,1.5,0.6,72.8,27.2,122200,1200,433,52.8,47.2,656,4.7
67,2010,"Portland-South Portland-Biddeford, ME",513899,48.6,51.4,5.2,15.9,8.6,11.4,13.6,16.6,14.0,7.8,7.0,41.9,79.0,75.4,18.5,14.8,62.5,26.6,6.8,3.7,63.2,26.2,49.2,17.9,9.8,6.1,36.8,14.8,10.3,4.6,22.0,17.9,4.1,2.39,2.94,51.6,6.3,12.1,1.3,28.8,6.2,4.6,39.6,21.1,28.5,7.4,29.2,29.7,21.7,12.0,92.6,33.7,38.2,2.3,38.2,11.0,11.8,4.0,9.3,34.2,85.1,14.7,8.8,6.0,3.1,2.9,0.2,490554,23345,14049,9296,36.9,21.3,41.8,25.3,32.3,19.6,0.3,9.7,12.8,92.8,7.2,1.8,68.6,68.3,63.3,5.1,7.4,0.3,31.4,79.9,8.0,0.8,4.1,2.1,5.1,24.3,40.4,17.5,23.5,8.8,9.8,1.1,6.1,9.4,2.7,12.1,3.8,2.0,8.0,10.7,27.6,8.7,4.2,3.5,76.7,14.8,8.5,0.0,56530,78.7,29.2,4.4,4.1,17.9,11.7,67942,77.9,76331,6.5,48454,15.6,31089,28992,73.8,30.6,8.9,6.7,11.9,16.2,2.2,2.9,2.9,26.0,36.0,59.5,10.3,14.2,14.0,18.8,12.4,9.2,9.5,8.1,7.3,20.6,72.1,27.9,2.50,2.08,71.1,12.0,11.4,5.6,14.7,12.9,15.5,20.4,12.6,24.0,6.9,93.1,16.4,5.9,77.3,0.4,209787,2.1,1.6,64.9,35.1,235500,1554,525,51.3,48.7,833,1.9
68,2010,"Poughkeepsie-Newburgh-Middletown, NY",670932,50.0,50.0,6.2,18.7,10.3,10.8,13.8,16.1,11.9,6.5,5.6,38.3,75.0,69.7,15.1,12.1,55.8,33.7,4.4,1.9,70.3,32.9,54.3,25.1,11.4,5.8,29.7,14.3,11.4,2.8,15.4,13.5,1.9,2.77,3.34,50.9,5.6,9.1,2.3,32.2,6.0,4.8,38.9,22.0,28.2,12.6,28.5,28.0,17.0,13.9,87.4,30.9,29.9,3.8,36.7,9.0,11.8,5.0,10.2,34.0,89.5,10.2,6.3,3.9,2.3,1.6,0.3,594674,76258,37828,38430,29.7,28.8,41.4,20.1,20.4,4.0,0.2,53.0,2.3,81.0,19.0,6.5,65.9,64.6,58.6,6.0,9.3,1.3,34.1,74.7,10.4,4.3,3.7,1.6,5.4,31.9,37.4,19.2,24.1,10.6,8.7,1.0,7.4,7.7,2.9,12.1,4.9,2.4,6.0,9.2,29.1,7.6,3.7,5.9,75.0,19.6,5.4,0.1,67269,81.1,29.7,4.7,2.2,22.3,8.5,80693,77.2,90127,6.6,55075,16.2,42898,29607,75.2,26.6,9.8,6.8,10.6,13.6,3.8,5.7,5.9,20.1,27.3,45.4,9.4,13.6,13.4,18.4,11.7,8.0,8.4,6.0,7.9,17.9,69.8,30.2,2.90,2.46,69.5,13.7,14.3,2.5,10.1,10.3,14.8,27.3,16.6,20.9,8.9,91.1,40.6,11.3,47.9,0.3,231561,1.9,2.9,53.3,46.7,292200,2207,780,46.0,54.0,1053,4.6
69,2010,"Providence-New Bedford-Fall River, RI-MA",1601498,48.3,51.7,5.5,16.1,10.7,11.9,13.5,15.5,12.5,7.1,7.2,39.8,78.4,73.2,17.6,14.4,57.2,30.6,6.4,2.8,62.8,28.2,44.1,18.0,14.5,8.5,37.2,17.3,13.7,3.5,19.9,16.4,3.5,2.52,3.17,44.1,7.0,11.5,2.0,35.4,5.3,4.7,36.6,20.1,33.3,17.4,28.1,26.0,17.7,10.8,82.6,28.5,41.8,3.0,30.8,8.5,13.6,5.3,11.5,36.6,87.0,12.3,8.2,4.1,1.5,2.6,0.7,1407852,193646,103112,90534,29.2,18.4,52.4,35.9,16.7,10.6,0.2,34.4,2.2,79.4,20.6,8.8,65.1,64.9,57.4,7.4,11.5,0.3,34.9,81.3,8.3,2.6,3.2,1.4,3.2,24.1,35.4,19.5,25.2,7.4,12.5,0.3,5.7,11.2,3.2,13.1,3.7,1.7,6.7,9.3,26.1,10.0,4.3,4.6,80.9,13.7,5.3,0.1,51935,76.2,29.3,7.8,3.2,17.1,15.1,66913,70.2,81859,6.7,48834,23.1,31760,27132,70.5,32.4,9.5,9.5,15.6,18.9,3.5,5.0,4.1,26.5,36.2,49.1,13.7,18.3,17.9,22.5,16.3,12.4,13.0,9.5,10.1,27.0,61.3,38.7,2.71,2.22,59.4,23.3,16.3,1.0,6.9,7.9,10.3,22.9,18.7,33.3,10.1,89.9,53.4,9.2,37.1,0.2,612291,2.7,1.6,56.9,43.1,266700,1839,602,47.9,52.1,831,2.6
70,2010,"Provo-Orem, UT",529970,50.0,50.0,11.3,23.8,15.8,17.1,10.9,8.4,6.2,3.7,2.9,24.6,64.9,58.3,8.1,6.6,47.5,40.2,7.1,0.4,81.4,47.1,70.6,41.4,8.0,4.3,18.6,6.7,4.3,2.5,11.9,8.4,3.4,3.59,3.87,58.4,2.8,5.7,1.0,32.1,6.8,5.0,36.8,16.0,35.5,6.2,18.5,40.0,25.1,10.1,93.8,35.2,4.5,4.5,35.5,5.7,7.4,2.6,6.8,37.3,76.6,22.1,13.9,8.2,3.2,5.0,1.3,492956,37014,10201,26813,46.3,32.4,21.3,8.5,12.0,0.5,4.3,70.9,3.7,86.3,13.7,4.8,66.9,66.8,60.4,6.4,9.6,0.1,33.1,73.5,11.5,2.0,5.1,1.7,6.2,20.7,39.5,16.1,26.6,7.8,10.0,1.9,5.4,10.2,2.3,13.1,3.0,2.5,5.9,12.9,27.5,7.5,4.6,3.3,81.0,13.7,5.2,0.1,54201,87.2,18.9,4.2,1.9,14.0,7.6,58247,86.7,62286,3.4,41809,9.9,34932,18964,76.8,16.7,13.7,8.8,10.6,11.8,7.1,8.0,9.3,22.3,32.9,39.4,14.6,12.6,12.4,13.4,11.9,15.6,16.9,4.3,9.4,49.8,69.4,30.6,3.73,3.27,77.0,8.5,13.1,1.5,33.0,20.2,10.1,20.2,10.6,5.9,3.0,97.0,90.7,7.8,1.5,0.0,143324,1.7,4.3,61.3,38.7,223000,1471,354,45.6,54.4,797,1.1
71,2010,"Raleigh-Cary, NC",1137552,48.9,51.1,7.3,18.8,9.4,14.5,16.2,14.5,10.3,5.3,3.7,35.0,73.9,69.6,11.7,9.0,57.4,31.1,6.0,2.0,67.6,36.2,51.8,26.0,12.2,8.1,32.4,15.0,11.2,3.8,17.4,14.5,2.9,2.64,3.19,52.1,4.7,9.4,2.6,31.2,5.9,4.3,42.3,18.4,29.1,9.1,19.8,30.1,27.8,13.3,90.9,41.0,28.1,3.0,35.3,8.6,8.7,3.1,7.5,34.0,84.2,15.2,9.4,5.8,3.4,2.4,0.6,1002548,135004,43261,91743,48.7,30.3,21.0,9.1,29.3,11.9,0.4,46.6,2.7,84.4,15.6,6.5,70.8,70.7,63.5,7.1,10.1,0.1,29.2,82.0,8.7,0.9,1.1,1.4,5.9,24.9,46.0,14.3,24.6,6.9,8.2,0.5,6.3,9.3,3.4,11.7,4.0,2.5,6.6,15.0,21.0,8.7,4.7,6.4,78.9,16.4,4.7,0.0,57840,84.5,21.3,3.2,1.3,14.8,7.8,70849,76.6,84636,5.4,40048,18.0,30509,28767,72.2,21.4,14.8,10.0,14.8,15.3,5.2,7.5,6.1,27.1,33.8,44.4,12.9,17.2,17.0,20.8,15.6,11.4,12.0,6.7,11.2,20.7,68.0,32.0,2.74,2.44,73.3,3.7,16.7,6.2,32.4,24.9,16.9,16.9,6.2,2.7,4.6,95.4,43.5,55.0,1.4,0.2,421955,2.0,2.4,70.3,29.7,207800,1470,441,52.0,48.0,851,3.4
72,2010,"Richmond, VA",1261317,48.6,51.4,6.3,16.9,9.8,13.0,14.0,15.3,12.5,6.8,5.3,37.8,76.8,72.2,15.6,12.1,57.8,29.6,5.7,2.2,67.5,30.1,48.5,19.6,14.6,8.3,32.5,13.8,10.8,3.0,18.7,15.9,2.8,2.57,3.11,48.3,5.4,10.4,2.7,33.3,6.2,4.9,39.1,21.2,28.6,14.0,27.1,27.2,20.5,11.2,86.0,31.7,39.6,3.6,35.1,10.8,11.4,4.1,10.2,32.1,85.3,14.1,6.8,7.4,5.5,1.8,0.5,1170046,91271,34941,56330,50.6,24.0,25.5,14.7,34.9,8.5,0.3,39.6,1.9,91.0,9.0,3.8,65.9,65.3,59.3,6.0,9.1,0.7,34.1,81.2,10.1,1.8,1.2,1.2,4.6,24.6,39.9,15.3,26.3,8.6,9.8,1.1,6.5,8.0,2.8,11.6,4.9,1.5,10.2,11.7,21.5,7.7,4.7,7.8,76.8,18.7,4.4,0.1,55325,80.9,26.2,4.8,2.3,20.7,9.8,69486,71.8,84502,6.6,41283,21.6,34821,28883,73.4,24.4,13.3,8.4,12.8,16.6,3.3,4.0,5.5,23.9,30.6,40.8,11.6,14.6,14.3,20.4,12.1,10.6,11.3,6.9,8.9,23.3,68.8,31.2,2.60,2.50,78.1,4.2,14.8,3.0,17.1,16.3,17.0,26.6,14.5,8.5,6.1,93.9,30.8,59.3,9.7,0.3,475685,5.5,1.8,64.6,35.4,227400,1569,437,47.5,52.5,903,7.2
73,2010,"Riverside-San Bernardino-Ontario, CA",4245773,49.7,50.3,7.6,21.1,10.9,13.3,13.4,13.5,9.8,5.8,4.6,32.7,71.3,66.2,13.0,10.4,46.4,35.9,6.0,1.9,74.9,38.0,53.3,26.2,15.0,8.4,25.1,11.8,8.8,3.1,13.3,10.8,2.5,3.30,3.81,48.0,5.0,10.3,2.7,34.0,4.7,5.2,41.8,24.5,23.8,21.8,25.6,33.1,12.6,6.9,78.2,19.5,37.9,6.9,27.3,8.0,10.3,3.2,8.9,38.6,81.8,17.7,11.8,5.9,4.5,1.3,0.5,3313202,932571,385037,547534,24.0,24.4,51.5,4.1,20.0,1.5,0.5,72.4,1.5,59.2,40.8,17.1,62.5,61.8,51.8,10.1,16.3,0.6,37.5,76.1,14.8,1.7,1.8,1.8,3.8,30.6,28.1,19.5,27.0,11.4,13.9,1.4,7.8,9.6,3.7,13.3,6.2,1.6,5.4,9.2,21.3,9.9,4.9,5.6,76.3,16.2,7.4,0.1,53548,79.3,26.6,6.1,4.5,16.0,9.8,58935,71.2,69933,8.9,47170,20.0,33864,21371,55.5,30.4,21.3,12.9,18.7,19.6,8.3,12.2,10.8,27.8,35.6,44.0,17.1,24.1,23.8,27.3,22.5,14.3,15.2,9.0,15.2,29.2,65.7,34.3,3.26,3.39,75.0,5.0,12.2,7.9,22.7,15.3,22.8,25.0,11.5,2.6,5.2,94.8,77.6,18.8,1.8,1.7,1265050,2.3,8.6,47.8,52.2,225600,1894,418,38.2,61.8,1078,4.5
74,2010,"Rochester, NY",1054445,48.5,51.5,5.8,16.8,10.8,11.6,12.6,15.5,12.8,7.2,6.9,39.4,77.4,72.3,17.6,14.1,59.6,29.6,6.0,2.8,63.7,29.0,45.9,18.6,13.6,8.5,36.3,16.5,13.0,3.5,19.8,16.4,3.4,2.45,3.04,46.8,6.6,9.9,2.1,34.6,5.4,4.6,37.1,20.7,32.2,11.6,27.0,28.4,18.5,14.4,88.4,33.0,36.5,2.7,39.2,8.3,12.1,4.2,10.6,32.3,85.7,14.0,9.8,4.2,3.0,1.2,0.3,977161,77284,46474,30810,32.8,26.6,40.6,32.7,31.6,6.7,0.3,24.8,3.9,89.2,10.8,4.3,63.7,63.6,58.3,5.3,8.3,0.1,36.3,82.6,7.1,1.8,3.9,1.1,3.6,20.7,39.6,17.1,23.4,7.7,12.2,1.3,5.0,14.1,2.2,11.2,3.5,2.2,5.3,9.9,31.2,7.0,4.1,3.1,79.3,15.2,5.4,0.1,50211,76.4,30.4,5.3,3.3,20.3,11.7,62655,72.1,75684,6.5,42864,21.4,29428,26382,75.0,30.5,8.1,10.1,17.3,22.0,3.5,5.5,7.2,32.3,42.0,56.9,14.2,20.8,20.4,26.7,18.2,12.2,13.3,7.3,11.4,24.7,68.5,31.5,2.59,2.15,71.7,10.9,14.5,2.9,7.4,10.0,10.8,26.3,17.6,27.9,10.1,89.9,78.6,12.0,9.1,0.3,414096,2.9,1.2,71.5,28.5,127400,1277,548,46.2,53.8,735,4.9
75,2010,"St. Louis, MO-IL",2815168,48.4,51.6,6.3,17.5,9.2,13.2,12.8,15.5,12.2,7.0,6.4,38.2,76.2,72.1,16.5,13.4,59.4,30.7,4.5,2.3,64.7,28.2,47.3,18.6,13.2,7.6,35.3,16.1,12.7,3.4,19.2,17.1,2.2,2.48,3.11,48.8,6.2,11.3,1.9,31.7,6.8,4.8,39.3,21.1,27.9,11.1,28.5,30.5,18.4,11.5,88.9,29.9,35.6,3.3,44.3,10.6,12.1,4.3,10.1,36.3,85.7,13.9,8.3,5.6,3.3,2.3,0.3,2688655,126513,59659,66854,43.9,28.5,27.6,29.8,39.7,7.2,0.6,19.8,2.9,93.6,6.4,2.3,66.7,66.5,59.5,7.0,10.6,0.2,33.3,83.0,7.7,2.6,1.9,1.0,3.7,24.8,37.0,17.8,26.0,8.1,11.2,0.8,5.6,11.0,2.9,11.3,4.9,2.2,8.2,10.5,24.4,9.4,4.8,4.0,83.7,11.7,4.6,0.1,50912,78.5,28.4,4.8,2.0,19.0,12.5,65080,73.1,77995,6.5,43215,20.4,30598,27242,72.6,27.8,11.0,9.6,16.0,18.5,4.1,6.3,6.8,28.2,36.9,46.7,13.3,18.8,18.5,23.1,16.9,11.6,12.3,8.2,10.9,23.8,70.5,29.5,2.58,2.24,75.0,8.4,12.7,3.9,12.6,13.4,11.6,27.0,20.1,15.3,7.7,92.3,70.0,27.9,1.9,0.2,1112442,2.3,1.5,69.5,30.5,161400,1327,426,49.1,50.9,734,7.8
76,2010,"Salt Lake City, UT",1128988,50.4,49.6,8.7,20.7,10.3,16.9,13.1,12.2,9.5,4.9,3.8,30.9,70.6,66.3,11.2,8.6,51.8,35.0,5.7,1.7,71.6,36.3,56.1,28.4,10.8,5.9,28.4,13.7,10.2,3.5,14.7,11.8,2.9,3.01,3.57,53.4,4.0,10.9,1.6,30.0,6.5,5.4,42.4,20.0,25.7,11.6,24.5,34.9,19.2,9.8,88.4,29.0,22.5,5.0,29.5,7.3,8.2,2.7,7.2,34.6,82.3,17.2,12.3,4.9,2.4,2.5,0.5,1001663,127325,46378,80947,34.6,33.4,32.0,11.7,18.0,4.6,3.7,59.1,3.0,81.3,18.7,7.4,71.1,71.0,64.1,6.9,9.7,0.1,28.9,77.7,11.3,2.9,2.3,1.8,4.0,22.3,34.8,14.8,29.1,8.8,12.4,0.9,7.0,10.6,3.8,12.2,5.0,2.4,8.1,12.0,19.6,8.9,4.7,4.9,80.7,14.5,4.7,0.1,57419,85.7,22.0,3.7,2.7,13.2,8.9,66146,78.4,74394,6.5,44155,15.1,35944,24006,71.0,20.3,16.7,10.1,15.1,13.7,6.2,9.2,7.3,26.6,37.5,49.4,13.1,17.1,16.9,19.4,15.8,11.4,12.1,6.5,11.2,24.2,68.5,31.5,3.13,2.75,73.9,6.8,17.1,2.2,18.4,16.4,14.3,29.2,13.5,8.3,5.5,94.5,91.1,8.1,0.6,0.1,369754,2.4,4.5,64.1,35.9,236800,1505,388,49.6,50.4,835,2.9
77,2010,"San Antonio-New Braunfels, TX",2157897,49.1,50.9,7.3,19.5,10.4,13.9,13.5,13.7,10.7,6.1,4.9,34.2,73.2,68.6,13.8,11.0,53.2,33.5,4.9,1.8,70.1,33.4,50.3,22.8,14.7,8.3,29.9,13.6,11.0,2.7,16.3,14.0,2.3,2.82,3.40,49.9,5.3,11.6,2.5,30.7,6.3,5.2,42.6,20.7,25.3,17.5,25.5,31.6,16.3,9.1,82.5,25.4,35.0,5.3,44.5,13.1,12.9,5.1,11.6,40.3,81.5,17.8,12.1,5.7,3.3,2.4,0.7,1892075,265822,99619,166203,33.5,23.5,43.0,5.7,14.1,1.2,0.2,77.5,1.3,60.6,39.4,11.4,65.4,63.8,58.3,5.5,8.7,1.6,34.6,79.5,11.5,2.1,2.0,1.6,3.3,24.6,34.4,19.2,25.9,10.6,9.8,1.2,8.0,6.3,2.4,12.3,4.4,2.1,8.3,10.4,23.1,10.1,5.1,6.3,76.5,16.9,6.4,0.2,50225,81.2,25.9,5.4,2.0,17.2,12.9,57685,71.7,69518,7.3,46557,20.9,30772,23434,61.7,29.7,19.9,12.3,18.2,18.8,6.9,10.3,9.8,30.2,38.3,42.6,16.3,23.8,23.5,26.4,22.4,13.5,14.0,11.1,14.7,25.5,63.4,36.6,2.95,2.61,73.0,4.4,16.6,5.9,24.0,16.3,16.4,25.5,12.6,5.2,7.6,92.4,33.8,65.3,0.6,0.3,749906,2.6,4.6,70.2,29.8,131700,1294,412,52.5,47.5,788,4.7
78,2010,"San Diego-Carlsbad-San Marcos, CA",3105989,50.2,49.8,6.6,16.8,11.9,15.2,13.5,13.9,10.7,5.9,5.5,34.6,76.6,71.6,14.1,11.4,52.6,30.5,8.1,2.3,65.9,31.4,48.9,22.5,12.3,6.8,34.1,16.8,11.8,5.0,17.4,13.6,3.8,2.83,3.43,46.9,4.9,10.4,2.0,35.9,5.0,4.8,35.1,20.5,34.6,14.9,19.1,32.3,21.0,12.7,85.1,33.7,27.5,4.5,30.2,10.4,9.1,2.5,6.7,36.3,82.6,16.2,12.0,4.1,1.7,2.4,1.2,2377605,728384,333023,395361,31.3,25.4,43.3,8.1,35.4,2.4,0.6,51.8,1.8,62.3,37.7,16.7,64.7,61.6,54.7,7.0,11.3,3.0,35.3,76.2,10.1,3.3,2.8,1.8,5.9,24.1,39.7,18.5,25.5,8.2,8.0,0.9,6.1,9.1,2.6,10.6,3.9,2.2,6.7,14.5,21.0,10.7,5.4,6.3,76.3,16.3,7.4,0.1,59923,81.0,23.2,4.6,2.8,16.1,4.7,68045,74.2,81892,7.2,48216,18.6,36505,28498,66.1,25.0,17.6,10.9,15.6,11.9,7.1,9.9,6.6,25.2,32.7,30.6,14.8,19.2,18.8,19.2,18.6,13.4,14.3,8.6,12.3,24.8,53.9,46.1,2.84,2.81,62.1,7.4,27.1,3.5,12.1,12.0,19.0,37.4,15.2,4.3,6.1,93.9,62.9,31.9,1.7,3.4,1061210,2.0,6.3,48.5,51.5,407000,2364,450,41.2,58.8,1249,2.2
79,2010,"San Francisco-Oakland-Fremont, CA",4345320,49.3,50.7,6.0,15.2,8.9,15.0,15.1,14.9,12.2,6.7,5.9,38.2,78.8,75.1,16.0,12.7,54.8,28.1,8.1,2.5,62.3,28.3,46.5,21.1,11.1,5.4,37.7,17.7,13.0,4.7,20.0,15.8,4.2,2.67,3.34,47.4,5.3,9.2,1.9,36.2,6.6,4.7,35.9,19.2,33.5,12.8,17.7,26.2,26.5,16.8,87.2,43.4,25.4,3.9,24.8,6.1,9.1,2.6,6.4,33.9,84.7,14.4,9.6,4.9,3.8,1.1,0.9,3042161,1303159,692478,610681,31.3,26.7,42.0,9.8,53.7,1.8,1.7,31.6,1.4,59.4,40.6,18.3,67.0,67.0,59.7,7.2,10.8,0.1,33.0,61.5,10.6,14.6,4.2,2.9,6.2,28.7,45.3,17.2,23.2,6.4,7.9,0.5,5.3,8.3,2.8,9.9,4.9,3.3,7.8,16.7,21.8,9.2,5.4,4.0,77.2,13.6,9.1,0.1,73027,80.9,24.5,5.4,3.1,15.4,4.5,87718,74.7,105822,7.4,55602,17.9,44700,37693,72.2,25.1,12.3,7.3,10.8,10.0,3.8,5.1,3.9,20.0,28.0,30.7,10.9,13.3,12.9,13.6,12.6,10.3,10.5,8.8,8.1,20.7,54.4,45.6,2.83,2.49,60.1,11.4,27.4,1.1,8.1,7.7,10.6,29.9,23.6,20.0,12.7,87.3,71.2,26.0,1.2,1.6,1601506,1.6,5.6,49.7,50.3,588300,2812,523,48.9,51.1,1314,6.2
80,2010,"San Jose-Sunnyvale-Santa Clara, CA",1843255,50.1,49.9,7.0,17.2,9.0,15.0,15.5,14.8,10.5,6.0,5.1,36.2,75.8,72.0,13.8,11.0,52.7,30.8,6.6,1.9,71.0,34.6,55.3,27.5,10.6,5.1,29.0,14.2,10.3,4.0,14.8,11.9,2.9,2.95,3.47,52.6,4.6,8.7,1.7,32.4,6.2,5.7,37.5,19.6,30.9,13.8,16.1,24.7,25.6,19.8,86.2,45.3,17.7,4.5,21.7,5.4,8.0,2.2,5.6,35.3,82.9,15.7,11.6,4.1,2.8,1.3,1.4,1167096,676159,347324,328835,33.2,29.3,37.6,7.7,60.9,1.5,0.4,27.9,1.6,49.1,50.9,21.7,67.0,67.0,59.4,7.6,11.3,0.0,33.0,77.5,10.3,2.9,1.8,2.4,5.1,24.4,49.8,14.2,21.2,6.9,7.9,0.9,5.2,18.6,2.3,10.6,2.6,3.6,5.0,18.1,19.2,6.9,4.4,2.6,83.1,10.2,6.6,0.1,83944,84.4,22.1,4.4,2.8,13.8,4.6,95281,77.9,110209,7.1,69401,15.0,44772,37177,72.2,23.7,12.3,7.0,10.3,5.9,4.5,6.6,2.9,18.8,27.5,28.6,10.6,13.5,13.2,13.6,13.0,9.7,10.0,7.9,8.2,22.7,57.3,42.7,3.01,2.87,65.0,8.2,23.8,3.0,9.5,11.1,12.3,42.1,19.6,5.4,5.2,94.8,68.7,29.4,0.9,1.0,616837,1.6,7.9,50.8,49.2,631400,2974,540,51.9,48.1,1412,1.4
81,2010,"Seattle-Tacoma-Bellevue, WA",3449059,49.8,50.2,6.5,16.3,9.3,15.3,14.8,15.2,11.9,5.9,4.9,36.8,77.2,73.3,13.8,10.8,59.2,28.2,7.1,2.8,62.3,29.0,48.0,21.0,9.9,6.0,37.7,18.6,14.0,4.6,19.1,15.5,3.6,2.50,3.12,50.1,4.4,11.8,1.8,32.0,6.0,5.4,38.9,21.0,28.7,8.8,21.5,32.7,23.9,13.1,91.2,37.0,26.8,2.9,31.0,10.1,10.2,3.2,8.3,36.7,81.6,17.3,11.9,5.5,2.8,2.7,1.1,2870657,578402,284256,294146,39.6,28.4,32.1,16.6,49.8,6.4,1.4,20.9,4.9,78.4,21.6,9.3,68.9,68.0,61.0,7.1,10.4,0.8,31.1,70.5,10.2,8.2,3.5,2.1,5.5,26.9,42.7,16.3,23.3,7.9,9.8,0.6,5.9,11.9,3.0,11.7,4.6,2.7,6.3,14.2,20.6,8.8,5.0,4.7,79.4,14.6,5.8,0.1,63088,82.7,21.6,4.1,4.1,15.1,10.7,76876,77.1,90058,6.9,50835,16.0,37472,32401,73.1,23.6,13.1,7.9,12.4,14.4,4.1,6.6,6.2,24.7,31.3,43.3,11.7,15.6,15.1,18.2,13.9,10.6,11.1,7.1,9.0,21.0,60.6,39.4,2.65,2.27,64.7,6.6,24.9,3.8,16.7,16.3,15.4,28.3,12.7,10.6,7.6,92.4,44.5,49.1,6.1,0.3,1353765,2.2,2.9,56.9,43.1,333100,2015,580,49.9,50.1,1017,2.3
82,2010,"Springfield, MA",693141,47.8,52.2,5.3,16.4,12.9,11.2,12.2,15.1,13.0,6.9,7.0,38.7,78.3,71.6,17.6,13.9,59.4,29.1,6.3,3.0,63.6,28.6,43.2,16.7,15.7,9.6,36.4,16.0,12.4,3.6,20.4,16.9,3.5,2.41,2.98,43.4,5.9,10.7,2.4,37.6,5.3,4.4,34.2,18.5,37.5,13.6,29.8,27.5,16.8,12.3,86.4,29.1,48.0,3.0,33.6,8.9,13.6,7.9,11.1,34.7,86.0,13.1,8.3,4.8,2.7,2.0,0.8,632742,60399,28956,31443,41.1,21.5,37.4,36.3,26.0,5.3,0.1,28.8,3.6,80.9,19.1,7.6,63.0,62.9,56.4,6.5,10.3,0.1,37.0,80.3,8.1,2.0,3.4,0.7,5.5,23.2,36.4,19.7,23.2,8.1,12.6,0.8,5.4,11.6,2.1,11.5,4.5,2.3,5.8,7.1,31.8,7.9,4.6,4.7,76.0,17.6,6.3,0.1,49209,74.3,28.7,10.0,3.6,17.8,17.8,62181,68.0,80595,7.4,44727,24.7,27977,25198,70.2,37.9,4.8,11.4,18.6,26.9,3.8,5.0,,32.1,40.8,57.2,15.8,22.3,21.6,30.5,18.6,13.9,14.9,9.3,12.2,28.8,63.3,36.7,2.52,2.23,63.7,17.6,17.3,1.4,4.8,6.1,10.9,24.5,23.4,30.4,12.2,87.8,43.2,15.8,40.8,0.2,270260,1.9,1.8,65.1,34.9,220700,1565,554,45.4,54.6,780,3.7
83,2010,"Stockton, CA",687744,49.8,50.2,7.9,21.4,10.5,13.1,13.2,13.5,10.0,5.7,4.7,32.7,70.7,65.7,12.9,10.4,48.6,35.0,6.0,2.6,74.8,39.8,51.1,25.9,16.6,10.0,25.2,12.0,8.2,3.7,13.3,10.9,2.3,3.10,3.56,47.7,5.5,10.5,2.8,33.5,4.9,6.0,44.3,24.0,20.8,23.5,25.7,33.1,12.1,5.6,76.5,17.7,44.4,7.0,32.4,7.5,11.5,3.6,10.5,40.4,79.6,20.1,15.1,5.0,4.4,0.6,0.3,532651,155093,65595,89498,28.4,26.4,45.1,4.8,38.4,0.8,0.6,54.6,0.9,60.0,40.0,18.9,62.8,62.8,51.9,10.9,17.4,0.0,37.2,76.6,14.2,0.9,1.7,1.3,5.2,28.5,28.9,18.1,25.6,12.5,15.0,4.8,6.6,10.4,4.1,10.9,6.3,1.9,4.8,9.4,21.8,9.1,4.6,5.3,77.6,15.7,6.7,0.1,50011,80.9,25.5,7.9,6.3,16.8,11.2,55174,68.3,70235,9.5,36241,22.2,30765,21147,57.3,34.2,17.5,15.4,21.9,24.9,9.4,13.1,15.1,30.1,39.1,42.5,19.2,26.5,26.2,29.4,25.0,16.2,17.0,11.0,17.5,29.5,57.7,42.3,3.01,3.23,79.3,5.6,11.6,3.5,20.4,14.1,14.6,27.9,17.0,6.0,6.6,93.4,68.6,28.3,2.3,0.8,215469,1.7,9.0,50.7,49.3,213400,1878,391,39.7,60.3,995,9.2
84,2010,"Syracuse, NY",662757,48.4,51.6,5.8,17.0,11.8,11.3,12.3,15.5,12.4,7.1,6.7,38.5,77.1,71.0,16.9,13.8,58.6,30.0,6.2,3.0,63.1,28.1,45.5,17.8,13.8,8.6,36.9,18.4,14.2,4.2,18.5,15.0,3.5,2.48,3.10,45.6,5.9,10.6,2.6,35.3,4.7,3.7,36.5,21.1,34.1,10.5,31.4,28.9,16.6,12.6,89.5,29.2,39.5,2.9,31.8,9.0,10.7,3.9,9.0,30.6,84.9,14.6,9.8,4.8,2.9,1.9,0.5,626435,36322,18573,17749,45.1,18.2,36.7,34.2,34.0,8.0,0.8,18.4,4.6,91.5,8.5,3.1,63.0,62.9,57.5,5.5,8.7,0.1,37.0,80.9,8.9,1.5,4.3,1.4,3.1,20.8,36.8,18.4,25.4,7.9,11.5,0.9,5.0,9.1,3.1,11.1,5.8,2.1,6.1,9.1,29.0,9.0,5.5,4.3,76.5,18.6,4.9,0.0,49694,75.6,30.4,6.1,2.7,20.8,12.6,61898,72.1,76204,6.1,46969,21.8,29342,25579,73.5,30.7,9.6,9.8,16.8,17.3,3.2,5.1,3.5,30.4,40.1,44.7,14.3,20.3,19.9,24.1,18.4,12.4,13.4,7.8,10.9,26.8,67.3,32.7,2.62,2.19,68.3,12.2,14.7,4.8,7.2,8.8,10.9,24.7,21.9,26.5,10.1,89.9,72.3,12.4,15.1,0.3,255612,4.7,1.1,70.2,29.8,122700,1288,494,49.7,50.3,704,3.4
85,2010,"Tampa-St. Petersburg-Clearwater, FL",2789116,48.4,51.6,5.6,15.5,8.7,12.1,13.1,14.9,12.8,9.0,8.3,41.3,78.9,74.9,21.1,17.3,58.6,27.9,6.6,2.8,60.9,24.6,44.1,15.7,12.5,6.8,39.1,17.9,13.9,4.0,21.2,18.1,3.2,2.46,3.13,46.3,7.4,14.1,2.6,29.5,6.0,5.0,39.5,20.2,29.2,13.1,30.1,30.5,17.9,8.4,86.9,26.2,39.8,3.2,41.6,12.5,13.3,3.1,10.3,36.8,83.9,15.6,10.4,5.1,2.6,2.5,0.5,2435212,353904,173709,180195,36.1,24.8,39.1,20.1,16.6,3.4,0.3,54.5,5.1,80.8,19.2,7.5,61.5,61.3,53.2,8.1,13.2,0.2,38.5,80.3,9.5,1.6,1.4,2.2,5.0,25.5,35.9,17.7,29.0,8.4,9.1,0.9,6.1,6.6,2.9,13.6,4.4,2.3,9.4,12.4,22.0,10.4,5.0,4.0,81.7,13.1,5.1,0.1,43547,72.5,33.8,4.5,2.3,20.2,12.9,53427,72.5,64181,6.9,37247,20.6,29379,24958,60.8,33.1,18.6,11.3,17.8,21.4,6.0,8.5,9.8,27.6,35.9,44.3,15.4,21.6,21.3,27.5,19.1,13.7,15.1,8.8,12.6,24.9,67.6,32.4,2.51,2.36,65.3,5.6,19.1,10.1,16.8,14.5,22.7,31.8,11.5,2.7,7.2,92.8,5.2,93.9,0.5,0.5,1116299,2.4,1.8,53.1,46.9,152200,1457,458,40.9,59.1,900,4.3
86,2010,"Toledo, OH",651020,48.6,51.4,6.3,17.1,11.3,12.3,12.2,14.8,12.7,6.9,6.5,37.7,76.6,71.0,16.5,13.4,58.6,31.0,5.5,2.3,63.8,27.7,44.6,16.4,14.6,8.8,36.2,17.4,14.2,3.1,18.8,16.3,2.6,2.47,3.10,45.9,6.2,12.6,2.0,33.3,4.9,5.0,35.0,19.2,35.9,10.6,33.7,31.4,15.7,8.6,89.4,24.3,45.3,2.8,45.9,9.5,12.9,5.8,11.1,34.2,83.6,16.1,10.4,5.7,3.6,2.1,0.2,627585,23435,12940,10495,31.3,25.4,43.3,16.3,38.6,10.4,0.0,28.1,6.5,94.8,5.2,1.5,65.4,65.3,56.2,9.1,14.0,0.0,34.6,85.2,7.6,0.9,2.3,1.2,2.8,20.0,32.4,19.2,25.3,6.7,16.4,0.4,4.7,15.1,2.8,11.8,6.0,1.5,4.7,8.4,26.2,9.9,5.1,3.4,80.2,14.1,5.7,0.0,41583,75.7,28.7,4.6,4.1,20.1,14.8,53752,70.0,69875,7.2,30097,22.8,24246,23196,69.5,30.2,12.4,13.3,22.3,20.5,4.7,7.1,3.1,35.7,45.7,57.5,17.4,25.0,24.8,28.6,23.4,15.0,16.6,7.3,14.6,28.3,66.5,33.5,2.57,2.27,74.1,6.7,14.9,4.3,9.3,9.7,9.1,25.6,23.3,22.9,8.7,91.3,84.4,13.6,1.7,0.3,256437,1.9,0.9,69.5,30.5,123800,1198,428,46.2,53.8,645,4.0
87,2010,"Tucson, AZ",982154,49.2,50.8,6.4,16.6,11.0,12.8,11.9,13.4,12.6,8.4,7.1,37.8,77.1,72.2,18.9,15.5,58.5,27.5,6.6,2.9,62.9,25.0,45.6,15.9,12.7,7.0,37.1,17.9,14.4,3.6,19.2,15.8,3.5,2.49,3.10,47.1,5.8,12.8,2.2,32.2,3.9,5.0,36.3,18.9,35.8,13.0,22.8,34.3,17.6,12.4,87.0,30.0,46.8,4.6,44.6,12.2,12.5,4.0,10.3,33.6,79.7,19.7,14.3,5.4,1.9,3.5,0.7,857282,124872,53543,71329,31.9,21.3,46.8,9.7,15.0,3.2,0.5,69.2,2.5,71.4,28.6,8.7,60.0,59.4,52.6,6.8,11.5,0.6,40.0,77.0,9.5,2.0,2.3,3.7,5.6,23.7,37.4,20.9,25.9,8.1,7.7,0.9,5.8,7.2,1.5,12.4,3.4,1.9,5.0,12.3,26.0,11.3,5.9,6.6,73.9,19.1,6.9,0.1,44274,74.0,31.7,4.4,3.8,20.8,14.1,56317,72.5,66928,7.4,34931,20.2,28028,23747,60.5,37.3,15.2,12.2,20.6,19.1,5.9,11.2,8.0,31.8,38.4,47.9,17.8,24.7,24.3,28.7,22.6,15.7,17.6,8.1,14.6,28.9,63.6,36.4,2.56,2.36,69.0,4.5,16.3,10.2,20.6,17.6,17.5,30.3,12.0,2.1,7.9,92.1,59.7,39.1,0.6,0.6,382574,2.7,3.8,61.3,38.7,173200,1349,395,46.3,53.7,768,8.0
88,2010,"Tulsa, OK",939345,49.0,51.0,7.0,18.3,9.1,13.4,13.0,14.2,11.9,7.1,5.8,36.5,74.6,70.6,16.0,13.0,58.7,30.5,4.6,1.9,66.9,29.6,49.0,19.4,13.2,7.7,33.1,16.0,12.9,3.1,17.1,15.1,2.0,2.54,3.13,51.0,6.4,13.5,2.3,26.8,7.0,4.9,44.6,20.8,22.8,12.1,30.4,32.6,17.2,7.5,87.9,24.8,32.7,3.5,46.2,10.4,14.8,4.7,13.4,41.6,83.5,16.2,10.3,6.0,4.0,1.9,0.2,886967,52378,16210,36168,45.8,26.9,27.3,7.0,25.5,3.3,0.5,60.5,3.3,91.2,8.8,4.0,65.1,65.0,59.5,5.5,8.5,0.1,34.9,81.8,10.9,0.6,1.1,1.3,4.4,21.1,33.2,17.3,26.4,11.3,11.8,1.9,6.9,12.2,3.2,11.7,5.9,3.0,6.5,9.5,21.5,9.1,5.2,3.4,81.7,11.8,6.4,0.2,44519,79.2,28.1,4.5,2.7,15.4,11.8,56174,73.2,67171,7.1,36835,19.7,27324,24194,63.5,28.8,18.6,11.3,19.0,21.2,5.3,9.5,9.3,30.2,39.2,50.6,15.5,22.7,22.6,26.7,21.0,13.0,14.0,8.3,13.5,24.9,67.1,32.9,2.60,2.41,76.0,4.5,12.8,6.7,15.0,13.3,15.3,32.9,16.6,7.0,5.8,94.2,69.8,27.5,2.6,0.2,364083,1.7,2.5,71.2,28.8,128400,1181,362,51.3,48.7,688,6.4
89,2010,"Virginia Beach-Norfolk-Newport News, VA-NC",1675343,49.2,50.8,6.4,17.1,12.2,13.5,13.1,15.0,11.1,6.4,5.2,35.7,76.5,71.1,14.5,11.6,56.6,30.3,5.8,1.8,67.4,29.8,49.0,19.4,14.5,8.5,32.6,15.1,11.2,3.9,17.5,14.9,2.5,2.63,3.19,48.6,5.6,10.8,3.1,31.9,5.4,4.8,38.2,20.6,31.1,10.4,26.3,34.8,17.7,10.8,89.6,28.5,30.7,4.3,40.1,18.1,11.0,3.7,8.9,36.7,82.6,16.9,7.5,9.3,5.0,4.3,0.6,1570722,104621,58228,46393,37.2,21.7,41.1,18.3,42.3,8.3,0.5,28.3,2.2,91.4,8.6,2.6,67.7,62.8,57.5,5.3,8.5,4.9,32.3,80.9,9.4,1.8,3.3,1.4,3.1,23.7,37.1,17.0,25.6,10.2,10.1,0.4,7.0,8.5,2.3,12.0,3.9,2.2,5.9,11.4,21.8,10.2,4.9,9.7,72.9,22.9,4.1,0.1,57315,81.5,26.0,3.8,2.2,24.8,8.6,69011,72.6,81457,5.8,54303,21.6,31986,27497,76.5,24.0,11.9,7.7,12.8,14.6,2.7,3.8,4.3,23.8,32.2,37.7,10.6,16.0,15.9,20.5,14.1,8.9,9.5,6.1,8.7,19.3,63.9,36.1,2.69,2.53,73.5,6.0,17.9,2.5,12.7,14.6,19.9,31.4,15.8,5.6,6.2,93.8,43.2,51.0,5.4,0.4,618426,2.1,2.5,59.4,40.6,246200,1692,500,45.2,54.8,1022,6.6
90,2010,"Washington-Arlington-Alexandria, DC-VA-MD-WV",5610082,48.7,51.3,6.7,17.1,9.2,15.4,15.0,15.2,11.3,5.7,4.3,36.0,76.2,72.3,12.9,10.0,55.0,30.0,7.0,2.0,65.3,31.3,48.1,22.3,12.6,6.9,34.7,15.5,11.6,3.9,19.2,15.9,3.2,2.69,3.30,48.5,4.6,8.8,2.4,35.8,6.8,5.0,37.5,19.8,30.9,10.4,19.7,23.1,24.5,22.3,89.6,46.8,29.3,4.0,30.5,9.6,7.5,2.9,5.9,30.0,84.6,14.3,7.4,6.9,2.4,4.5,1.1,4386923,1223159,550416,672743,40.1,27.5,32.4,9.2,35.4,13.9,0.4,40.0,1.1,73.5,26.5,10.2,73.3,72.1,66.5,5.6,7.8,1.2,26.7,65.6,10.6,14.0,3.5,1.5,4.9,33.9,50.7,16.1,20.6,6.6,5.9,0.3,6.2,3.3,1.3,8.2,3.5,2.9,6.0,20.2,19.2,8.4,6.3,14.1,70.2,24.9,4.9,0.1,84523,87.2,19.1,2.8,1.8,17.8,5.9,100921,73.6,121052,7.1,63681,19.3,50663,40528,76.9,20.2,12.3,5.4,8.3,7.4,1.9,2.6,1.8,17.4,23.8,28.1,8.4,10.7,10.4,10.4,10.4,7.6,7.8,6.5,6.1,17.3,64.2,35.8,2.81,2.48,67.7,3.1,28.6,0.7,15.7,14.6,17.0,28.3,16.1,8.3,9.9,90.1,54.9,38.8,6.0,0.3,2042154,1.7,2.5,63.8,36.2,376200,2332,638,51.0,49.0,1351,5.3
91,2010,"Wichita, KS",622367,49.2,50.8,7.7,19.3,9.5,13.6,12.2,14.3,11.4,6.1,5.8,34.9,73.0,68.8,14.9,11.9,57.2,32.4,4.8,2.2,65.2,31.5,48.9,20.8,11.7,8.2,34.8,16.2,13.1,3.1,18.6,16.3,2.2,2.60,3.27,51.3,6.1,13.1,1.6,28.0,6.6,5.6,41.2,21.1,25.6,12.3,27.8,32.8,18.7,8.4,87.7,27.1,36.8,3.6,45.8,10.1,12.7,3.7,11.4,40.2,83.8,16.0,11.2,4.8,2.6,2.2,0.2,577513,44854,17590,27264,36.3,31.0,32.7,6.3,33.6,5.0,0.7,53.2,1.1,87.6,12.4,5.1,69.1,68.6,61.7,6.9,10.0,0.5,30.9,85.5,8.2,0.6,1.2,1.0,3.4,18.7,33.0,17.6,25.6,10.2,13.6,1.3,6.6,19.4,2.9,11.3,4.0,1.8,4.9,7.2,23.8,8.7,4.2,4.0,81.1,13.3,5.3,0.3,46131,80.8,26.9,4.8,3.2,16.4,11.4,59452,75.1,70375,7.0,43216,18.0,27195,23693,69.7,26.0,15.1,10.0,16.3,25.7,4.7,7.4,7.4,30.0,37.0,57.6,13.8,18.1,18.0,24.7,15.3,12.2,13.0,8.0,11.4,24.9,67.9,32.1,2.74,2.31,77.7,6.2,11.5,4.7,12.4,13.5,12.2,22.2,26.9,12.7,6.2,93.8,77.3,21.5,1.0,0.2,235977,2.4,1.6,73.2,26.8,119000,1168,418,49.9,50.1,654,2.9
92,2010,"Worcester, MA",799553,49.3,50.7,5.9,17.5,9.7,11.6,14.0,16.4,12.1,6.4,6.3,39.2,76.6,72.0,15.9,12.8,57.5,31.5,5.4,2.6,65.6,30.1,49.8,21.7,11.7,6.5,34.4,16.0,12.5,3.5,18.4,15.6,2.8,2.61,3.24,48.4,6.4,10.5,1.7,33.0,6.5,4.2,38.9,20.9,29.5,11.5,28.7,27.1,20.4,12.3,88.5,32.7,21.4,3.0,39.0,9.1,11.5,4.4,9.2,37.0,86.3,13.1,9.7,3.4,1.8,1.7,0.5,712277,87276,43449,43827,39.0,25.2,35.8,18.8,31.1,10.2,0.2,32.1,7.7,82.2,17.8,7.3,67.9,67.8,60.1,7.7,11.4,0.1,32.1,81.4,9.2,1.8,2.6,1.1,3.9,26.7,39.5,17.3,24.7,7.1,11.4,0.6,5.1,14.8,2.6,10.8,4.1,1.9,6.0,10.3,27.7,7.2,4.4,4.4,80.3,14.3,5.4,0.0,61212,79.3,27.8,5.8,3.4,14.8,12.2,76485,75.8,90530,6.3,50523,17.9,36989,29316,76.7,31.6,3.9,7.7,12.4,12.6,3.3,5.3,5.9,22.5,31.3,32.5,10.8,14.1,13.8,15.9,13.1,9.8,10.3,7.5,8.3,21.9,65.3,34.7,2.80,2.26,62.9,20.5,15.8,0.8,9.1,9.4,12.9,19.8,16.1,32.8,9.8,90.2,34.3,15.6,49.9,0.3,296295,1.5,1.2,64.5,35.5,268100,1836,592,50.7,49.3,867,1.7
93,2010,"Youngstown-Warren-Boardman, OH-PA",564804,48.5,51.5,5.5,16.3,8.5,10.5,12.0,15.2,14.1,8.8,9.1,42.9,78.3,74.3,21.9,17.8,60.6,29.5,4.1,2.4,62.7,24.7,45.0,15.5,13.2,7.5,37.3,15.9,13.1,2.8,21.5,19.3,2.2,2.39,3.06,46.6,9.2,13.0,2.0,29.2,4.7,4.5,41.8,22.5,26.4,11.2,42.8,26.6,12.9,6.4,88.8,19.3,38.1,2.8,40.7,11.6,15.6,5.1,13.1,37.7,88.7,11.0,7.4,3.7,2.0,1.6,0.3,552680,12124,7106,5018,21.2,16.0,62.9,40.2,27.4,8.0,0.6,20.3,3.5,94.0,6.0,1.8,58.0,57.9,50.6,7.3,12.6,0.1,42.0,86.8,6.3,0.5,1.3,1.2,3.8,21.4,28.3,20.9,25.1,8.1,17.6,0.9,5.1,15.9,2.3,12.9,5.0,2.1,4.8,7.2,26.7,8.8,4.4,4.1,82.2,11.8,6.0,0.1,39240,68.1,38.6,6.6,3.4,27.3,15.1,50694,71.8,59420,7.2,41163,21.0,26090,21324,66.0,36.4,11.6,12.5,21.9,27.9,6.1,10.7,12.0,34.7,44.4,52.4,17.1,28.5,28.3,34.3,26.3,13.9,15.2,9.1,15.2,24.8,72.5,27.5,2.46,2.20,79.8,6.4,9.3,4.4,6.7,9.2,7.5,28.0,28.6,19.9,8.4,91.6,78.2,12.7,8.8,0.3,228960,2.8,0.8,70.1,29.9,98600,1041,377,46.4,53.6,588,5.9
